date,symbol,open,high,low,close,volume,last_trade_date,K,D,J,BBI,BBI_DIF,DIF,DEA,MACD,short_term_fund,long_term_fund,Short_LS,Short_Trend,market_cap,float_market_cap,pe_ttm,pb
2020-01-03,00001,53.1826,53.718,52.7186,52.897,5131396.0,2026-07-24,8.426983977083179,8.426983977083179,8.426983977083179,53.17066666666667,0.0,-2.6536717028766006,-3.4435406848067944,0.7898689819301938,99.99999999999999,22.56799247949692,42.57,44.59,,,,
2020-01-10,00001,52.4687,53.2896,50.8625,52.8613,20380221.0,2026-07-24,8.426983977083179,8.426983977083179,8.426983977083179,53.17066666666667,0.0,-2.6536717028766006,-3.4435406848067944,0.7898689819301938,99.99999999999999,22.56799247949692,42.57,44.59,,,,
2020-01-17,00001,53.1826,54.0392,52.897,53.7537,32405714.0,2026-07-24,8.426983977083179,8.426983977083179,8.426983977083179,53.17066666666667,0.0,-2.6536717028766006,-3.4435406848067944,0.7898689819301938,99.99999999999999,22.56799247949692,42.57,44.59,,,,
2020-01-24,00001,54.2534,54.2534,52.5401,53.0755,22149414.0,2026-07-24,8.426983977083179,8.426983977083179,8.426983977083179,53.23016666666667,0.059499999999999886,-2.6536717028766006,-3.4435406848067944,0.7898689819301938,76.5426120641947,22.56799247949692,42.57,44.59,,,,
2020-01-31,00001,51.5407,51.7548,49.292,49.4705,20306863.0,2026-07-24,8.426983977083179,8.426983977083179,8.426983977083179,52.09990000000001,-1.1302666666666568,-2.6536717028766006,-3.4435406848067944,0.7898689819301938,4.000717215411158,22.56799247949692,42.57,44.59,,,,
2020-02-07,00001,49.0065,50.3985,48.6852,50.1844,27790994.0,2026-07-24,8.426983977083179,8.426983977083179,8.426983977083179,51.47526666666667,-0.6246333333333425,-2.6536717028766006,-3.4435406848067944,0.7898689819301938,34.148008108785184,22.56799247949692,42.57,44.59,,,,
2020-02-14,00001,49.6133,51.041,49.6133,50.577,17785772.0,2026-07-24,8.426983977083179,8.426983977083179,8.426983977083179,50.865516666666664,-0.6097500000000053,-2.6536717028766006,-3.4435406848067944,0.7898689819301938,100.0,22.56799247949692,42.57,44.59,,,,
2020-02-21,00001,50.9696,51.2908,49.3991,49.5419,14370457.0,2026-07-24,8.426983977083179,8.426983977083179,8.426983977083179,50.60080000000001,-0.26471666666665783,-2.6536717028766006,-3.4435406848067944,0.7898689819301938,45.28491383867206,22.56799247949692,42.57,44.59,,,,
2020-02-28,00001,49.3277,49.4705,47.9,48.4354,24346559.0,2026-07-24,8.426983977083179,8.426983977083179,8.426983977083179,49.86610833333334,-0.7346916666666701,-2.6536717028766006,-3.4435406848067944,0.7898689819301938,20.000000000000107,22.56799247949692,42.57,44.59,,,,
2020-03-06,00001,47.8286,48.4711,47.2932,47.5431,29320947.0,2026-07-24,6.814794007575887,7.889587320580748,4.665207381566162,48.89942500000001,-0.9666833333333287,-2.6536717028766006,-3.4435406848067944,0.7898689819301938,11.113087561702487,22.56799247949692,42.57,44.59,,,,
2020-03-13,00001,46.3295,46.4009,38.2272,39.5835,79420834.0,2026-07-24,7.364201608375143,7.714458749845547,6.663687325434333,46.41577500000001,-2.4836499999999972,-2.6536717028766006,-3.4435406848067944,0.7898689819301938,13.286377617993356,22.56799247949692,42.57,44.59,,,,
2020-03-20,00001,36.621,38.834,32.1594,35.4075,97466252.0,2026-07-24,9.809893193791389,8.412936897827494,12.603805785719178,44.879,-1.5367750000000129,-2.6536717028766006,-3.4435406848067944,0.7898689819301938,21.113906277423503,22.56799247949692,42.57,44.59,,,,
2020-03-27,00001,33.2302,38.1558,32.6948,37.7632,77696049.0,2026-07-24,16.07243812628201,10.966103973978997,26.285106430888032,42.66008333333334,-2.218916666666658,-2.6536717028766006,-3.4435406848067944,0.7898689819301938,75.4812031087943,22.56799247949692,42.57,44.59,,,,
2020-04-03,00001,37.7632,38.0487,36.4426,37.4776,52092447.0,2026-07-24,19.981051840400312,13.971086596119434,32.00098232896207,41.32853055555555,-1.3315527777777874,-2.6536717028766006,-3.4435406848067944,0.7898689819301938,94.90345836753639,22.56799247949692,42.57,44.59,,,,
2020-04-10,00001,38.013,41.2611,37.8346,41.2611,41925039.0,2026-07-24,29.178923834792872,19.040365675677247,49.45604015302413,41.23334166666667,-0.09518888888888455,-2.6536717028766006,-3.4435406848067944,0.7898689819301938,100.0,22.56799247949692,42.57,44.59,,,,
2020-04-17,00001,40.9042,41.975,39.9762,41.4753,35535391.0,2026-07-24,35.68404694038619,24.588259430580226,57.87562195999811,40.98646944444445,-0.2468722222222155,-2.6536717028766006,-3.4435406848067944,0.7898689819301938,100.0,22.56799247949692,42.57,44.59,,,,
2020-04-24,00001,41.7251,41.7251,39.1909,39.4408,40202219.0,2026-07-24,37.81004114853936,28.99552000323327,55.43908343915154,40.91807222222223,-0.06839722222222377,-2.6536717028766006,-3.4435406848067944,0.7898689819301938,44.11788941687047,22.56799247949692,42.57,44.59,,,,
2020-05-01,00001,39.2623,41.3682,39.2623,40.9756,18899866.0,2026-07-24,43.22280114693255,33.73794705113303,62.19250933853159,40.939888888888895,0.02181666666666615,-2.6536717028766006,-3.4435406848067944,0.7898689819301938,78.12554718963415,22.56799247949692,42.57,44.59,,,,
2020-05-08,00001,39.3337,40.6543,39.298,40.5472,27943179.0,2026-07-24,48.44749605186905,38.64113005137837,68.06022805285042,40.71282777777778,-0.22706111111111227,-2.6536717028766006,-3.4435406848067944,0.7898689819301938,75.99596570852226,22.56799247949692,42.57,44.59,,,,
2020-05-15,00001,40.7257,41.511,39.3337,39.6192,37246695.0,2026-07-24,57.63147386111399,44.971244654623575,82.95193227409482,40.57599722222223,-0.13683055555555512,-2.6536717028766006,-3.4435406848067944,0.7898689819301938,20.83114457479698,22.56799247949692,42.57,43.99,,,,
2020-05-22,00001,39.762,41.648,36.6606,37.0328,51099204.0,2026-07-24,54.00254331630138,47.98167754184951,66.04427486520513,39.58626388888889,-0.9897333333333407,-2.6536717028766006,-3.4435406848067944,0.7898689819301938,9.576493593372097,22.56799247949692,42.57,43.37,,,,
2020-05-29,00001,36.7723,37.9261,35.1719,35.2835,66563627.0,2026-07-24,36.548505086909366,44.17062005686946,21.304275146989184,38.31687500000001,-1.2693888888888765,-2.6536717028766006,-3.4435406848067944,0.7898689819301938,2.509387718390838,14.467243670783484,42.57,42.68,,,,
2020-06-05,00001,36.0279,40.0475,35.879,39.8987,64465286.0,2026-07-24,47.52570004426932,45.288980052669416,51.99914002746914,38.38212500000001,0.06524999999999892,-2.6536717028766006,-3.4435406848067944,0.7898689819301938,100.0,35.83955025168678,42.57,42.13,,,,
2020-06-12,00001,41.0525,41.6107,37.6283,38.7449,56066786.0,2026-07-24,49.19052490493732,46.589495003425384,54.39258470796119,39.873046875,1.4909218749999908,-2.6536717028766006,-3.4435406848067944,0.7898689819301938,75.59025133282564,31.485315140011775,42.57,41.64,,,,
2020-06-19,00001,37.7772,39.1543,37.6283,38.5588,65983222.0,2026-07-24,50.02139899153952,47.73346299946343,54.597270975691714,39.93035729166667,0.0573104166666667,-2.6536717028766006,-3.4435406848067944,0.7898689819301938,66.66666666666667,34.7461124142125,42.57,41.22,,,,
2020-06-26,00001,38.4099,38.6704,36.9212,37.1073,38572332.0,2026-07-24,43.30935614635445,46.258760715093764,37.41054700887584,39.421259375000005,-0.5090979166666614,-2.6536717028766006,-3.4435406848067944,0.7898689819301938,10.20452925371514,26.865063851967705,42.57,40.8,,,,
2020-07-03,00001,37.0328,38.7821,36.3257,38.5216,37692013.0,2026-07-24,46.11424791046113,46.21058978021622,45.92156417095096,39.248943749999995,-0.1723156250000102,-2.6536717028766006,-3.4435406848067944,0.7898689819301938,98.33415431462996,34.54413170011294,42.57,40.44,,,,
2020-07-10,00001,38.7077,40.3081,37.2189,37.4794,51844502.0,2026-07-24,42.619836104336166,45.0136718882562,37.832164536496094,39.004782291666665,-0.24416145833333047,-2.6536717028766006,-3.4435406848067944,0.7898689819301938,52.53882235074455,30.605494031353373,42.57,40.11,,,,
2020-07-17,00001,37.5911,39.0799,37.4794,37.9261,35841015.0,2026-07-24,42.58945153155873,44.205598436023706,39.357157722628784,38.83901354166667,-0.16576874999999802,-2.6536717028766006,-3.4435406848067944,0.7898689819301938,72.88127874675529,35.430695502580484,42.57,39.81,,,,
2020-07-24,00001,37.5911,38.1122,36.8095,37.07,31601515.0,2026-07-24,38.219332848915975,42.21017657365446,30.237645399439018,38.430284375,-0.40872916666666725,-2.6536717028766006,-3.4435406848067944,0.7898689819301938,23.329751029912305,31.920799287557614,42.57,39.52,,,,
2020-07-31,00001,37.07,38.6332,36.5117,37.6283,30657030.0,2026-07-24,35.652802262287736,40.02438513653222,26.909636513798773,38.20822916666667,-0.22205520833333026,-2.6536717028766006,-3.4435406848067944,0.7898689819301938,78.94513574660668,58.705009714574075,42.57,39.26,,,,
2020-08-07,00001,37.2561,38.6704,36.6606,37.07,37195171.0,2026-07-24,28.462953006142012,36.17057442640215,13.047710165621737,37.952309375,-0.25591979166667045,-2.6536717028766006,-3.4435406848067944,0.7898689819301938,50.0,52.71202997026592,42.57,39.02,,,,
2020-08-14,00001,37.1817,39.1543,36.9584,38.7077,33712124.0,2026-07-24,38.91302799846994,37.084725617091415,42.569632761227,38.03010208333333,0.07779270833333385,-2.6536717028766006,-3.4435406848067944,0.7898689819301938,100.0,68.48015488867381,42.57,38.85,,,,
2020-08-21,00001,38.8938,39.2659,37.2933,38.0005,24810166.0,2026-07-24,39.960366060852216,38.04327243167835,43.79455331919995,38.040033333333334,0.009931250000001057,-2.6536717028766006,-3.4435406848067944,0.7898689819301938,65.45356846270333,44.87419487895426,42.57,38.7,,,,
2020-08-28,00001,38.5588,38.8193,37.5911,37.7028,24491044.0,2026-07-24,38.16679419457916,38.084446352645294,38.3314898784469,38.018123958333334,-0.021909374999999898,-2.494990992174934,-3.253830746280422,0.7588397541054883,42.55416452295225,40.151346892153505,42.57,38.57,,,,
2020-09-04,00001,38.1122,38.6704,36.9584,37.2189,41270585.0,2026-07-24,31.653920816264584,35.940937840518394,23.07988676775696,37.887338541666665,-0.13078541666666865,-2.3808372616573905,-3.0792320493558156,0.6983947876984251,24.997600997984758,32.47453755116284,42.57,38.44,,,,
2020-09-11,00001,37.3802,37.7947,36.4005,36.5889,27980843.0,2026-07-24,23.294279962524048,31.725385214520276,6.432069458531593,37.673125,-0.21421354166666617,-2.3145249398939924,-2.926290627463451,0.6117656875694584,14.466712739000315,24.41545910367527,42.57,38.29,,,,
2020-09-18,00001,36.7019,37.4179,36.3251,36.8526,30341800.0,2026-07-24,21.508618632977615,28.31979635400606,7.8862631909207295,37.5814,-0.09172499999999673,-2.21515859161903,-2.7840642202945665,0.5689056286755365,59.01767733273709,28.959112290435446,42.57,38.14,,,,
2020-09-25,00001,36.8526,37.041,34.6671,35.0816,27202568.0,2026-07-24,17.343486035391496,24.661026247801203,2.708405610572086,37.11616770833333,-0.46523229166667335,-2.253339844775468,-2.677919345190747,0.42457950041527903,18.965911690688767,7.049199843540143,42.57,37.94,,,,
2020-10-02,00001,35.3077,35.5338,34.7425,35.1193,16465772.0,2026-07-24,14.83999066126796,21.38734771895679,1.7452765458902988,36.75827395833333,-0.35789375000000234,-2.2545674380487384,-2.593248963762345,0.33868152571360666,20.69091741020379,8.643627188623075,42.57,37.72,,,,
2020-10-09,00001,35.6468,36.2874,35.4207,35.6091,21469060.0,2026-07-24,16.721195247026625,19.831963561646734,10.499658617786402,36.479227083333335,-0.2790468749999917,-2.1907637867608614,-2.5127519283620483,0.32198814160118694,100.0,18.00596375869715,42.57,37.49,,,,
2020-10-16,00001,35.27,36.0236,34.6671,34.7048,29657032.0,2026-07-24,11.420723188951625,17.028216770748365,0.20573602535814217,36.22847708333333,-0.2507500000000036,-2.1879470937374705,-2.447790961437133,0.2598438676996624,4.002123142250632,0.7206208425720803,42.57,37.25,,,,
2020-10-23,00001,34.9686,35.5715,34.5164,34.9686,21542551.0,2026-07-24,11.11687928447329,15.057770941990007,3.235095969439854,36.03488541666667,-0.19359166666666283,-2.1397625383061865,-2.3861852768109437,0.24642273850475727,41.38372837924449,8.401612693458276,42.57,37.02,,,,
2020-10-30,00001,35.27,35.6468,34.5917,35.1946,36289671.0,2026-07-24,12.853396974434636,14.322979619471552,9.914231684360804,35.8461,-0.18878541666666848,-2.0595978576884377,-2.3208677929864425,0.2612699352980048,100.0,16.03878443892641,42.57,36.8,,,,
2020-11-06,00001,35.5338,39.8672,35.1193,38.8121,58267355.0,2026-07-24,35.329415729835425,21.32512498959284,63.33799721032059,36.364521874999994,0.5184218749999943,-1.684744072501445,-2.193643048889443,0.5088989763879979,100.0,100.0,42.57,36.72,,,,
2020-11-13,00001,38.9628,41.7889,37.757,40.8469,83762155.0,2026-07-24,52.56864222713218,31.739630735439288,94.22666521051795,37.21028229166667,0.8457604166666783,-1.2095356188933835,-1.996821562890231,0.7872859439968476,100.0,100.0,42.57,36.8,,,,
2020-11-20,00001,41.073,44.3136,40.9599,42.844,61189351.0,2026-07-24,63.37902677143534,42.28609608077131,105.5648881527634,38.286975,1.0766927083333258,-0.6641246011788908,-1.730282170547963,1.0661575693690721,99.99999999999999,100.0,42.57,37.06,,,,
2020-11-27,00001,42.9571,44.0875,42.0527,43.3339,32481485.0,2026-07-24,72.25275256094301,52.27498157416187,112.20829453450528,39.198535416666665,0.9115604166666671,-0.19015956335495332,-1.422257649109361,1.2320980857544077,100.0,100.0,42.57,37.44,,,,
2020-12-04,00001,43.3339,43.3339,41.4498,42.7687,43536506.0,2026-07-24,76.2455713462398,60.26517816485451,108.20635770901039,39.856288541666665,0.6577531249999993,0.13826044705815832,-1.1101540298758572,1.2484144769340155,76.19208087615853,93.5900198468954,42.57,37.87,,,,
2020-12-11,00001,42.6933,42.9194,41.6759,41.9773,35174223.0,2026-07-24,76.2148444857293,65.58173360514611,97.48106624689567,40.22416979166667,0.3678812500000035,0.33086233046378766,-0.8219507578079281,1.1528130882717158,27.99745236452403,84.6146867025801,42.57,38.29,,,,
2020-12-18,00001,42.2034,42.2034,40.244,41.0353,38773248.0,2026-07-24,72.98936256587508,68.05094325872244,82.86620118018038,40.275472916666665,0.051303124999996896,0.402845431930146,-0.5769915198603133,0.9798369517904593,31.342337703489477,73.93138644740573,42.57,38.66,,,,
2020-12-25,00001,40.8092,40.8846,39.2643,40.4324,22170609.0,2026-07-24,68.68549590300806,68.26246080681766,69.53156609538885,40.204960416666665,-0.07051249999999953,0.40655703072081906,-0.38028180974408676,0.7868388404649058,43.05565794323635,67.09384746243268,42.57,38.97,,,,
2021-01-01,00001,40.7339,41.6759,40.6208,40.7715,16019096.0,2026-07-24,66.28201204231804,67.60231121865111,63.6414136896519,40.1553125,-0.04964791666666457,0.4318825621867859,-0.21784893535791222,0.6497314975446982,85.1044607566349,70.93960873263401,42.57,39.24,,,,
2021-01-08,00001,41.0353,43.2208,41.0353,43.1078,32976362.0,2026-07-24,71.39113159835507,68.86525134521911,76.44289210462702,40.55655625,0.401243749999999,0.6331742741651141,-0.04764429345330695,0.6808185676184211,100.00000000000001,97.43578111709665,42.57,39.54,,,,
2021-01-15,00001,43.2585,43.7861,42.4672,42.844,31243942.0,2026-07-24,71.22574624595809,69.65208297879877,74.37307278027674,40.979061458333334,0.4225052083333338,0.7626219200265894,0.11440894924267234,0.648212970783917,89.39284278246896,94.44400340232494,42.57,39.86,,,,
2021-01-22,00001,42.9947,43.9745,42.3165,42.5803,34343009.0,2026-07-24,70.40084304935938,69.90166966898563,71.39918981010689,41.366187499999995,0.38712604166666154,0.8343142702596396,0.2583900134460658,0.5759242568135737,74.5476477683958,91.45335979586052,42.57,40.16,,,,
2021-01-29,00001,42.5803,42.731,40.1686,40.4701,46733444.0,2026-07-24,55.46714943896122,65.09016292564417,36.22112246559533,41.17572916666667,-0.19045833333332496,0.7126405928609287,0.3492401293290384,0.3634004635318903,11.269342901996112,67.52140629430114,42.57,40.37,,,,
2021-02-05,00001,40.7715,41.902,39.9425,39.9802,40214941.0,2026-07-24,42.0444096198881,57.40824515705881,11.316738545546684,40.920803125,-0.2549260416666712,0.5701106109347407,0.39341422565017886,0.17669638528456183,1.4292213207976714,61.965409696626075,42.57,40.5,,,,
2021-02-12,00001,40.0556,40.8469,39.5657,40.3194,23632189.0,2026-07-24,35.49638064789847,50.10429032067203,6.280561302351359,40.68821770833333,-0.23258541666666588,0.4790035241158179,0.41053208534330665,0.06847143877251127,83.33701901813356,65.8123050751347,42.57,40.58,,,,
2021-02-19,00001,41.1107,41.9773,40.5078,41.6759,31014052.0,2026-07-24,40.73076191070887,46.97978085068431,28.232724030757993,40.74092395833334,0.05270625000000706,0.5103754244814382,0.43050075317093295,0.0798746713105053,100.0,81.19648426424723,42.57,40.67,,,,
2021-02-26,00001,42.1281,46.7252,41.8643,44.1629,80836479.0,2026-07-24,48.55757058451197,47.505710761960195,50.66129022961552,41.252378125,0.5114541666666597,0.7275314669390482,0.489906895924556,0.23762457101449225,100.0,100.0,42.57,40.84,,,,
2021-03-05,00001,44.2006,44.8035,43.3716,44.6527,39876133.0,2026-07-24,56.055862988552605,50.35576150415767,67.45606595734247,41.836825000000005,0.5844468750000047,0.9284493752241971,0.5776153917844842,0.35083398343971295,100.0,100.0,42.57,41.09,,,,
2021-03-12,00001,44.7658,48.2702,44.4643,46.0093,61414450.0,2026-07-24,62.04593481408898,54.25248594080144,77.63283256066406,42.646196875,0.8093718749999965,1.1835018745903483,0.698792688345657,0.4847091862446913,100.0,100.0,42.57,41.41,,,,
2021-03-19,00001,46.1223,47.8934,45.4817,45.4817,53637433.0,2026-07-24,64.01890513253583,57.50795900471291,77.04079738818167,43.19846145833334,0.5522645833333399,1.3277543812209203,0.8245850269207097,0.5031693543002106,79.99772529097297,95.37906390134523,42.57,41.77,,,,
2021-03-26,00001,45.8209,47.6296,45.3687,46.047,35760528.0,2026-07-24,67.49899934716969,60.83830578553184,80.8203864704454,43.77193750000001,0.573476041666666,1.4707367795073125,0.9538153774380302,0.5169214020692823,100.0,100.00000000000001,42.57,42.14,,,,
2021-04-02,00001,45.4441,47.4789,45.4441,47.0644,22377562.0,2026-07-24,73.71513123996694,65.13058093701021,90.88423184588041,44.29555833333333,0.5236208333333252,1.6471596068883017,1.0924842233280845,0.5546753835602172,100.0,100.0,42.57,42.56,,,,
2021-04-09,00001,47.1774,48.0818,46.8006,47.6673,19656069.0,2026-07-24,80.16798666423819,70.14304951275287,100.21786096720882,44.856471875,0.5609135416666646,1.8147061570370724,1.236928610069882,0.5777775469671904,100.0,100.0,42.57,43.01,,,,
2021-04-16,00001,47.6673,48.1948,46.6499,48.0441,26244171.0,2026-07-24,85.80773812931416,75.36461238493996,106.69398961806257,45.411883333333336,0.5554114583333387,1.9553525292956664,1.380613393915039,0.5747391353806275,99.99999999999999,100.0,42.57,43.47,,,,
2021-04-23,00001,48.0441,49.2876,47.5542,48.1948,25272026.0,2026-07-24,85.63142020892217,78.7868816596007,99.32049730756509,45.85581354166666,0.4439302083333274,2.055283988708574,1.515547512873746,0.539736475834828,100.0,100.0,42.57,43.94,,,,
2021-04-30,00001,48.1948,48.7224,47.6673,48.0064,18725723.0,2026-07-24,83.20210524633576,80.25862285517906,89.08907002864919,46.23105833333333,0.3752447916666668,2.0951267675795506,1.6314633638149068,0.4636634037646439,87.80503592465521,97.89037567885335,42.57,44.39,,,,
2021-05-07,00001,47.6673,48.76,46.876,48.4963,20850052.0,2026-07-24,83.33281007258533,81.28335192764781,87.43172636246035,46.600026041666666,0.3689677083333365,2.14154687333226,1.7334800657183773,0.4080668076138825,100.0,100.0,42.57,44.82,,,,
2021-05-14,00001,48.76,49.589,46.8006,46.9513,23987173.0,2026-07-24,68.05510798589866,76.8739372803981,50.4174493968998,46.639273958333334,0.03924791666666749,2.030262946234444,1.7928366418215906,0.2374263044128535,8.887185233237066,83.26473136915084,42.57,45.18,,,,
2021-05-21,00001,47.3658,48.6052,46.876,47.5982,19974622.0,2026-07-24,62.979404660472504,72.24242640708957,44.45336116723837,46.72425416666667,0.08498020833333442,1.9715423429955905,1.8285777820563907,0.14296456093919985,47.03662204399351,89.94356482207243,42.57,45.51,,,,
2021-05-28,00001,47.0947,48.2953,46.5912,47.8693,33478035.0,2026-07-24,61.4897559856197,68.65820293326628,47.15286209032655,46.793108333333336,0.06885416666666799,1.9246946641845781,1.8478011584820282,0.07689350570254994,100.0,92.97919512686724,42.57,45.8,,,,
2021-06-04,00001,47.9855,48.0242,46.3589,46.5525,28717314.0,2026-07-24,42.99104481990245,60.102483562145004,8.768167335417345,46.76023333333333,-0.032875000000004206,1.7610129253533273,1.830443511856288,-0.06943058650296074,12.81779661016969,78.2343851476945,42.57,46.02,,,,
2021-06-11,00001,46.475,46.7849,45.9328,46.3201,28962364.0,2026-07-24,32.19168500456342,50.79888404295114,-5.022713072212028,46.662259375000005,-0.097973958333327,1.5941646920769514,1.7831877479004208,-0.18902305582346934,19.99999999999978,75.6320963877007,42.57,46.18,,,,
2021-06-18,00001,46.2814,46.5138,45.7005,46.1652,21184308.0,2026-07-24,25.4446645476396,42.34747754451396,-8.360961446109116,46.48176875,-0.18049062500000446,1.4329193276344725,1.7131340638472312,-0.2802147362127587,54.542253521126575,73.89761046290283,42.57,46.29,,,,
2021-06-25,00001,45.7005,48.4115,45.3906,47.6757,32680052.0,2026-07-24,35.105735460621524,39.93356351654981,25.450079348764945,46.66586979166667,0.18410104166667196,1.4107536509045033,1.6526579812586857,-0.24190433035418235,100.0,90.81136765726829,42.57,46.4,,,,
2021-07-02,00001,47.6757,48.4115,45.8167,46.5525,22036604.0,2026-07-24,32.628766475780225,37.49863116962661,22.88903708808745,46.657070833333336,-0.00879895833333677,1.287710415279541,1.5796684680628568,-0.29195805278331566,50.84679007483274,78.2343851476945,42.57,46.48,,,,
2021-07-09,00001,46.5138,47.3271,44.4611,44.6548,23940885.0,2026-07-24,23.011635901786097,32.669632747013104,3.6956422113320855,46.348265624999996,-0.30880520833333946,1.0252507814961191,1.4687849307495093,-0.4435341492533902,6.0256330492129635,51.91212367778683,42.57,46.48,,,,
2021-07-16,00001,45.1583,45.8167,44.771,45.4294,19377350.0,2026-07-24,23.129673566531007,29.489646353519074,10.40972799255487,46.108325,-0.23994062499999558,0.8697276976886386,1.348973484137335,-0.47924578644869653,46.299129769532335,53.75603136308809,42.57,46.44,,,,
2021-07-23,00001,45.3132,45.3519,43.9189,44.4224,16226013.0,2026-07-24,19.155555278309123,26.044949328449093,5.3767671780291835,45.82335208333333,-0.2849729166666677,0.6576372166692295,1.210706230643714,-0.5530690139744845,33.33333333333349,20.504614904287138,42.57,46.35,,,,
2021-07-30,00001,44.4224,46.0878,43.9964,43.9964,33580603.0,2026-07-24,13.345389847502055,21.811762834800078,-3.58735612709399,45.622672916666666,-0.20067916666666719,0.4499921136862852,1.0585634072522283,-0.6085712935659431,5.130751406818971,1.6931008869664135,42.57,46.21,,,,
2021-08-06,00001,43.9576,45.0808,43.4154,44.8097,22265778.0,2026-07-24,18.199515918030077,20.607680529210075,13.383186695670084,45.43964166666667,-0.1830312499999991,0.3470577211647665,0.9162622700347359,-0.5692045488699694,100.0,27.44198862406269,42.57,46.07,,,,
2021-08-13,00001,44.5773,45.197,43.9189,44.6935,23559050.0,2026-07-24,20.660328586706992,20.625229881709046,20.73052599670288,45.3297875,-0.10985416666666481,0.25318652792238083,0.7836471216122649,-0.5304605936898841,91.66606899519479,25.15499222578681,42.57,45.93,,,,
2021-08-20,00001,44.6935,45.3519,43.8415,43.9576,22152607.0,2026-07-24,17.391040698684556,19.547166820700884,13.0787884546519,45.20876979166666,-0.12101770833334058,0.11805113118920474,0.6505279235276529,-0.5324767923384481,38.88689665064912,10.671337755122147,42.57,45.77,,,,
2021-08-27,00001,44.7322,44.8484,43.6865,43.8027,20744461.0,2026-07-24,14.178042664571443,17.757458768657738,7.019210456398852,44.97680104166667,-0.23196874999999295,-0.0015261868346740926,0.5201171014551875,-0.5216432882898616,11.539225422045623,7.622665275837024,42.57,45.6,,,,
2021-09-03,00001,43.5704,44.4999,43.4542,44.19,22516816.0,2026-07-24,16.0527391314951,17.189218889603524,13.779779615278244,44.867327083333336,-0.10947395833333218,-0.0642990008210731,0.4032338809999354,-0.4675328818210085,100.0,15.245330551673907,42.57,45.44,,,,
2021-09-10,00001,44.19,44.4257,42.4224,43.4044,26564454.0,2026-07-24,19.632183847616833,18.003540542274624,22.889470458301254,44.71151666666667,-0.15581041666666806,-0.17541617416289057,0.2875038699673702,-0.4629200441302608,55.55555555555569,16.16753650866824,42.57,45.27,,,,
2021-09-17,00001,43.4044,43.6008,41.0476,41.244,30554023.0,2026-07-24,14.387012820755553,16.798031301768265,9.56497585873013,44.15509791666666,-0.556418750000006,-0.4328143450242763,0.1434402269690409,-0.5762545719933172,6.249999999999916,2.6367017063379805,42.57,45.02,,,,
2021-09-24,00001,41.244,41.3226,39.6728,40.262,25559207.0,2026-07-24,12.652916315421853,15.416326306319462,7.126096333626634,43.434928125,-0.7201697916666632,-0.7078834037330637,-0.026824499171380023,-0.6810589045616837,15.789473684210476,6.677622258740845,42.57,44.69,,,,
2021-10-01,00001,40.4584,41.3226,39.5157,40.8119,20128417.0,2026-07-24,15.838496533139713,15.557049715259545,16.40139016890005,42.93241979166667,-0.5025083333333313,-0.8714596360122187,-0.19575152653954778,-0.6757081094726709,74.99855349187068,15.516663474430173,42.57,44.34,,,,
2021-10-08,00001,40.6155,41.519,40.3406,41.3226,19370222.0,2026-07-24,20.879068968016856,17.331056132845315,27.97509463835994,42.67848854166666,-0.25393125000000794,-0.9489468876723919,-0.3463905987661166,-0.6025562889062752,100.0,21.630195364872616,42.57,44.01,,,,
2021-10-15,00001,41.3226,41.9903,40.8512,41.244,10230031.0,2026-07-24,23.790528347342434,19.48421353767769,32.40315796667193,42.50091354166666,-0.17757499999999737,-1.005112148800194,-0.4781349087729321,-0.5269772400272619,95.65000830151078,20.689283662133658,42.57,43.7,,,,
2021-10-22,00001,41.4797,42.0296,41.0869,41.5975,16110233.0,2026-07-24,28.873147500999846,22.61385819211841,41.39172611876271,42.36925312499999,-0.13166041666666928,-1.0094625710649936,-0.5844004412313444,-0.4250621298336492,100.0,25.512254901960723,42.57,43.42,,,,
2021-10-29,00001,41.4011,42.1867,40.9298,41.1262,20381370.0,2026-07-24,30.019467085922617,25.082394490053147,39.89361227766156,42.21056041666665,-0.1586927083333407,-1.0389637557902347,-0.6753131041431224,-0.3636506516471123,36.84845236500058,19.736519607843082,42.57,43.16,,,,
2021-11-05,00001,41.2047,41.7154,40.6155,40.8119,18111367.0,2026-07-24,28.81270650263137,26.325831827579222,33.78645585273567,42.04590729166666,-0.16465312499999385,-1.075309541477644,-0.7553123916100267,-0.3199971498676172,20.000000000000433,15.88480392156862,42.57,42.9,,,,
2021-11-12,00001,40.6548,41.8332,40.6548,41.3226,14982560.0,2026-07-24,33.95229612231433,28.867986592490922,44.12091518196115,41.92118749999999,-0.12471979166667069,-1.050791743466604,-0.8144082619813422,-0.2363834814852619,100.0,22.14338235294117,42.57,42.68,,,,
2021-11-19,00001,41.2833,41.4797,40.7334,40.9298,14729730.0,2026-07-24,40.282436775914505,32.67280332029878,55.50170368714595,41.77003229166666,-0.15115520833332852,-1.0509422807119009,-0.8617150657274539,-0.18922721498444695,44.44915853486086,20.095782173715293,42.57,42.48,,,,
2021-11-26,00001,40.9298,41.4797,40.4191,40.4977,15514543.0,2026-07-24,39.11004333669478,34.81854999243078,47.69303002522277,41.57518020833332,-0.1948520833333376,-1.0735531884600746,-0.904082690273978,-0.1694704981860966,8.69950193691217,16.605509241253355,42.57,42.27,,,,
2021-12-03,00001,40.537,40.537,38.3373,39.2407,39187315.0,2026-07-24,33.89622639377093,34.5111087928775,32.66646159555779,41.14461458333332,-0.43056562499999984,-1.1793075670267683,-0.9591276656245361,-0.2201799014022322,34.846673095467594,12.738117059827097,42.57,42.04,,,,
2021-12-10,00001,39.2015,40.0656,39.0051,39.2015,22694496.0,2026-07-24,30.08090159162155,33.03437305912552,24.173958656613607,40.78956875,-0.35504583333332107,-1.251851224684124,-1.0176723774364538,-0.23417884724767024,40.00185150897995,13.352079599530372,42.57,41.78,,,,
2021-12-17,00001,39.28,39.6335,38.6123,39.1622,22498590.0,2026-07-24,27.197038947504883,31.08859502191864,19.413926798677373,40.50964479166666,-0.2799239583333417,-1.2975563556158534,-1.0736491730723337,-0.2239071825435197,91.3106043834405,12.744885977380871,42.57,41.53,,,,
2021-12-24,00001,38.8872,39.7121,38.6123,39.0443,14636554.0,2026-07-24,24.253525523375988,28.810238522404422,15.140099525319123,40.30308124999999,-0.20656354166666802,-1.3279833800710108,-1.1245160144720692,-0.20346736559894163,73.31975560081437,10.923305110932587,42.57,41.28,,,,
2021-12-31,00001,39.2407,40.537,39.2407,39.5157,14024148.0,2026-07-24,27.40503635252158,28.34183779911014,25.531433459344463,40.17109895833333,-0.13198229166665953,-1.2990839447572924,-1.1594296005291138,-0.13965434422817857,100.0,18.53937887417015,42.57,41.05,,,,
2022-01-07,00001,40.0263,41.6368,39.6728,41.5975,23157836.0,2026-07-24,49.355963001378775,35.34654619986635,77.37479660440363,40.39780416666666,0.2267052083333283,-1.095568045924523,-1.1466572896081957,0.051089243683672736,99.99999999999999,55.704204896885166,42.57,40.91,,,,
2022-01-14,00001,41.8332,43.4044,41.4797,43.1687,24572700.0,2026-07-24,64.68678338356408,45.12662526109892,103.80709962849437,40.92928229166666,0.5314781249999996,-0.798295269962388,-1.076984885679034,0.2786896157166461,99.99999999999999,82.54993421839498,42.57,40.9,,,,
2022-01-21,00001,43.208,44.3079,43.0902,43.7972,19858942.0,2026-07-24,73.60666252078603,54.61997101432795,111.5800455337022,41.52266041666665,0.5933781249999939,-0.5061551147788137,-0.96281893149899,0.4566638167201763,100.0,93.28856766962255,42.57,40.98,,,,
2022-01-28,00001,43.7972,44.3864,42.9723,43.2473,27482430.0,2026-07-24,76.12747485901339,61.78913896255643,104.80414665192733,41.86602916666665,0.3433687499999962,-0.31536889502211807,-0.8333289242036156,0.5179600291814975,76.27184466019439,89.92838696679436,42.57,41.12,,,,
2022-02-04,00001,43.2473,44.0722,42.7367,43.6401,11302286.0,2026-07-24,79.7766639053046,67.78498061013916,103.7600304956355,42.14177812499999,0.2757489583333381,-0.13096409156577238,-0.6928559576760469,0.5618918661102745,85.18623290900517,97.1226579241378,42.57,41.29,,,,
2022-02-11,00001,43.6401,47.4895,43.2473,47.0575,43250567.0,2026-07-24,84.89564283183661,73.48853468403831,107.70985912743322,42.88927604166665,0.74749791666666,0.28761817999194506,-0.4967611301424485,0.7843793101343935,100.0,100.0,42.57,41.59,,,,
2022-02-18,00001,47.0967,47.4895,46.3897,46.9396,27131659.0,2026-07-24,87.86558828960933,78.28088588589532,107.03499309703739,43.582403124999985,0.6931270833333372,0.6028844248876837,-0.276832019136422,0.8797164440241056,97.27133864099244,98.64796678975254,42.57,41.98,,,,
2022-02-25,00001,46.5861,46.6254,43.5223,43.7187,25836965.0,2026-07-24,76.67262023432333,77.74479733537133,74.52826603222732,43.70843541666665,0.12603229166666807,0.5860795235964531,-0.104249710589847,0.6903292341863001,12.372053960421926,61.711887342033435,42.57,42.29,,,,
2022-03-04,00001,43.6794,43.7187,39.9085,41.5583,39129250.0,2026-07-24,59.155557595544174,71.54838408876228,34.36990460910798,43.20925520833332,-0.49918020833333543,0.39389472032159745,-0.004620824407558108,0.39851554472915557,23.464322794441916,36.93722621040806,42.57,42.47,,,,
2022-03-11,00001,41.3619,43.3259,40.3013,42.8545,37121399.0,2026-07-24,52.39047461916375,65.16241426556276,26.84659532636573,42.956391666666654,-0.25286354166666314,0.34223432208265336,0.06475020489048419,0.27748411719216914,77.31877591727478,51.801564184307736,42.62,42.61,,,,
2022-03-18,00001,42.3046,44.8578,40.6155,44.8578,60109852.0,2026-07-24,56.688843871774196,62.33789080096657,45.39075001338945,43.26531354166666,0.3089218750000029,0.4576669522705714,0.14333355436650164,0.3143333979040698,100.0,74.77466113162542,42.73,42.78,,,,
2022-03-25,00001,45.2506,46.2719,44.6221,45.7612,24726797.0,2026-07-24,63.526634603343474,62.73413873509221,65.11162633984601,43.73789270833333,0.47257916666666944,0.6149561417081628,0.2376580718348339,0.3772980698733289,100.0,85.13451526341144,42.86,42.99,,,,
2022-04-01,00001,45.5648,46.7039,44.9756,45.5255,20616671.0,2026-07-24,67.04879892080614,64.17235879699685,72.80167916842473,44.02798749999999,0.29009479166666097,0.7123780862338194,0.332602074714631,0.3797760115191884,95.41947645607009,82.43159560560541,43.01,43.21,,,,
2022-04-08,00001,45.5648,45.5648,43.2866,44.3864,21747629.0,2026-07-24,64.38833439903544,64.24435066434305,64.67630186842024,44.07094479166666,0.04295729166667428,0.6897191756914225,0.4040254949099893,0.2856936807814332,44.443546431746576,69.36882181601344,43.12,43.4,,,,
2022-04-15,00001,44.465,44.7792,43.8758,44.5828,10642622.0,2026-07-24,63.47825379933058,63.988985042672226,62.45679131264728,44.15113854166666,0.0801937499999994,0.6797736568825172,0.4591751273044949,0.22059852957802234,57.89450176425916,71.62106373707026,43.19,43.56,,,,
2022-04-22,00001,44.8578,45.4863,44.19,44.8578,17953042.0,2026-07-24,66.59653352444016,64.85816786992821,70.07326483346407,44.25466458333332,0.10352604166666168,0.686172197338422,0.5045745413112803,0.18159765602714173,100.0,74.77466113162542,43.23,43.72,,,,
2022-04-29,00001,44.3864,44.5435,42.3439,43.3651,22083909.0,2026-07-24,61.35327661967221,63.689870786509545,56.68008828599753,44.12290729166666,-0.13175729166666628,0.5642898891789372,0.5165176108848117,0.04777227829412545,40.622140896614845,56.27812248377778,43.22,43.81,,,,
2022-05-06,00001,42.6188,44.8578,41.9511,43.2473,16920883.0,2026-07-24,56.23970354596711,61.20648170632873,46.306147225243876,43.85163124999999,-0.27127604166666686,0.45297024729696034,0.5038081381672415,-0.05083789087028112,44.5935253036091,54.883247288400575,43.21,43.85,,,,
2022-05-13,00001,42.6974,43.1687,41.7939,42.8938,20241959.0,2026-07-24,49.96658247040998,57.45984862768915,34.98005015585166,43.51898229166666,-0.33264895833332986,0.33239251935755476,0.46952501440530414,-0.13713249504774938,70.00381873727086,50.69743759768864,43.18,43.85,,,,
2022-05-20,00001,42.6974,44.5435,42.5403,44.4257,16365196.0,2026-07-24,51.17799320159037,55.36589681898956,42.80218596679198,43.67774270833333,0.15876041666666652,0.35633768955479894,0.4468875494352031,-0.09054985988040415,100.0,66.33149114727256,43.16,43.87,,,,
2022-05-27,00001,44.5435,45.8189,43.6661,45.4533,18187361.0,2026-07-24,58.961839323802955,56.564544320594024,63.75642933022081,44.04411562499999,0.3663729166666627,0.45301111133834127,0.44811226181583075,0.004898849522510518,100.00000000000001,78.2767072460628,43.18,43.93,,,,
2022-06-03,00001,45.4533,45.7377,44.9253,45.1284,17299096.0,2026-07-24,66.92279971483343,60.01729611867383,80.73380690715261,44.35112812499999,0.307012499999999,0.4976719277062074,0.45802419499390606,0.03964773271230132,88.84654994850669,73.01580640649044,43.24,44.01,,,,
2022-06-10,00001,45.2096,45.2096,43.2599,43.3817,27409560.0,2026-07-24,57.764682211545285,59.26642481629765,54.76119700204056,44.279248958333326,-0.07187916666666183,0.38765322910317934,0.4439500018157607,-0.05629677271258138,5.553022704477091,48.583018604000635,43.29,44.05,,,,
2022-06-17,00001,43.0974,43.5036,42.0007,42.0007,26890731.0,2026-07-24,40.22241754061612,52.91842239107047,14.83040783970742,43.88713229166667,-0.39211666666665934,0.18687330023638538,0.39253466149988564,-0.20566136126350026,0.0,29.26563155686117,43.28,44.0,,,,
2022-06-24,00001,41.8788,43.0974,41.7976,42.9349,12338541.0,2026-07-24,36.26422038939624,47.36702172384573,14.058617720497267,43.66601354166666,-0.22111875000000936,0.10196055482524002,0.3344198401649565,-0.2324592853397165,71.79470992992846,42.3331934536299,43.26,43.94,,,,
2022-07-01,00001,43.3817,43.9504,42.8131,43.0974,13871841.0,2026-07-24,34.97117798216478,43.23507380995208,18.443386326590186,43.559379166666666,-0.10663437499999162,0.047234494405387295,0.2769827710130427,-0.2297482766076554,100.0,44.606238634774144,43.24,43.86,,,,
2022-07-08,00001,42.8131,44.0317,42.3662,43.2193,14711430.0,2026-07-24,35.11867352020092,40.52960704670169,24.296806467199374,43.53341979166667,-0.02595937499999934,0.013543883029093706,0.2242949934162529,-0.21075111038715919,100.0,47.08793787600801,43.23,43.8,,,,
2022-07-15,00001,43.0974,43.3817,42.1225,42.4475,16888889.0,2026-07-24,28.7995957902144,36.61960329453926,13.159580781564685,43.32255312499999,-0.21086666666667497,-0.07457433252816514,0.16452112822736928,-0.23909546075553442,29.631655725747386,43.381687084593416,43.2,43.7,,,,
2022-07-22,00001,43.0162,43.5442,42.1631,42.3256,15360961.0,2026-07-24,23.57642463070634,32.27187707326162,6.1855197455957835,43.17888333333333,-0.14366979166666027,-0.15248718708124898,0.10111946516564561,-0.2536066522468946,18.517505470459533,41.29888769285975,43.16,43.6,,,,
2022-07-29,00001,42.1631,43.3005,42.0007,42.285,17339842.0,2026-07-24,19.841031223817634,28.128261790113626,3.2665700912256455,43.043109374999986,-0.1357739583333455,-0.21503102256208706,0.037889367620099076,-0.25292039018218615,63.6302596239922,36.332167255810496,43.09,43.48,,,,
2022-08-05,00001,42.4881,42.61,41.0258,42.4069,15513901.0,2026-07-24,24.230907537678394,26.829143705968548,19.03443520109809,42.96036666666666,-0.08274270833332764,-0.2518578905591866,-0.020060084015758067,-0.23179780654342855,100.0,34.813533630021205,43.06,43.37,,,,
2022-08-12,00001,42.2444,43.138,41.9601,42.9755,16419434.0,2026-07-24,37.774750760727756,30.477679390888284,52.3688935004067,42.97149166666666,0.01112499999999983,-0.23248226986677878,-0.06254452118596221,-0.16993774868081657,100.0,41.17286818431384,43.05,43.28,,,,
2022-08-19,00001,42.9755,43.138,42.1225,42.4881,12414578.0,2026-07-24,41.39905370807895,34.11813749661851,55.96088613099984,42.90586041666666,-0.06563124999999559,-0.25353348134860454,-0.10074231321849067,-0.15279116813011387,75.00128224855138,32.49772207036035,43.03,43.2,,,,
2022-08-26,00001,42.3256,42.8943,40.4571,42.4069,21043356.0,2026-07-24,45.78135686694998,38.005877286728996,61.33231602739194,42.84280833333332,-0.06305208333333923,-0.2736148181922218,-0.13531681421323688,-0.1382980039789849,77.42217280813229,39.02565950122098,42.95,43.11,,,,
2022-09-02,00001,42.285,42.285,40.4977,40.6602,23780310.0,2026-07-24,32.41482277860454,36.14219245068751,24.9600834344386,42.48005208333333,-0.3627562499999968,-0.4255678334606685,-0.19336701806272322,-0.2322008153979453,10.00000000000028,4.065089467995801,42.81,42.98,,,,
2022-09-09,00001,40.2388,40.528,38.9168,39.5365,21288162.0,2026-07-24,26.073871709918368,32.7860855370978,12.649444055559513,42.00338645833333,-0.47666562499999543,-0.6294094513096127,-0.28057550471210113,-0.34883394659751155,17.755938225265606,9.48060888854884,42.65,42.77,,,,
2022-09-16,00001,39.5778,40.5693,39.206,40.4454,16926565.0,2026-07-24,28.39380414494478,31.321991739713457,22.537428955407428,41.653416666666665,-0.3499697916666662,-0.7094368219740659,-0.3663477681644941,-0.3430890538095718,87.67924744751613,23.38560391646903,42.57,42.56,,,,
2022-09-23,00001,40.0736,40.3628,38.6689,38.9581,13996115.0,2026-07-24,21.010556938959365,27.88484680612876,7.261977204620571,41.201403125,-0.4520135416666662,-0.882696593041949,-0.4696175331399851,-0.4130790599019639,16.279200675485576,4.262720358469446,42.46,42.3,,,,
2022-09-30,00001,38.7516,38.7516,35.3639,35.8597,43091259.0,2026-07-24,16.13290033137073,23.96753131454275,0.4636383650266893,40.374629166666665,-0.8267739583333338,-1.2555480194564765,-0.6268036304032834,-0.6287443890531932,9.756961527108054,4.914068230023546,42.22,41.91,,,,
2022-10-07,00001,35.4465,38.0906,35.3639,36.8925,17538301.0,2026-07-24,17.309508964905614,21.74819053133037,8.4321458320561,39.65008645833333,-0.7245427083333382,-1.4509712393600935,-0.7916371521946454,-0.6593340871654482,42.52963107228304,15.150554046821393,42.0,41.48,,,,
2022-10-14,00001,36.3554,36.562,34.9921,35.116,20247453.0,2026-07-24,12.046676166515228,18.514352409725323,-0.8886763199049597,38.86277499999999,-0.7873114583333347,-1.7292604146195103,-0.9791618046796183,-0.750098609939892,6.519680067354197,1.18437655335907,41.72,40.99,,,,
2022-10-21,00001,35.24,35.8597,33.7114,34.1245,22579425.0,2026-07-24,9.5306437377802,15.519782852410282,-2.447634491479967,38.227635416666665,-0.6351395833333271,-2.0066805899410483,-1.1846655617319044,-0.8220150282091438,12.986073999559899,3.6182885171235872,41.44,40.43,,,,
2022-10-28,00001,34.0006,34.2071,32.8851,33.0091,37637975.0,2026-07-24,6.793483481793058,12.611016395537874,-4.8415823456965725,37.29541979166666,-0.9322156250000049,-2.2901422020597337,-1.4057608897974703,-0.8843813122622635,5.558294858577046,1.181334908446499,41.12,39.81,,,,
2022-11-04,00001,33.0091,34.2071,31.8523,33.8766,31372409.0,2026-07-24,12.269801958685349,12.497278249920365,11.814849376215317,36.680960416666665,-0.6144593749999956,-2.4169267448642913,-1.6079940608108345,-0.8089326840534568,89.08986884957335,17.80856866367559,40.84,39.2,,,,
2022-11-11,00001,33.8766,35.4465,33.5874,34.9921,24203892.0,2026-07-24,20.186292200975892,15.060282900272208,30.43831080238326,36.45197291666666,-0.22898750000000234,-2.399730284157158,-1.7663413054800992,-0.633388978677059,100.00000000000001,27.622063869094767,40.6,38.65,,,,
2022-11-18,00001,35.3639,36.8925,34.8268,35.9836,32061688.0,2026-07-24,29.63871607828803,19.919760626277483,49.07662698230913,36.4329,-0.019072916666665662,-2.279815902872002,-1.8690362249584798,-0.41077967791352243,100.0,36.344681974135696,40.38,38.19,,,,
2022-11-25,00001,35.8183,36.6033,35.3226,35.9836,13607965.0,2026-07-24,39.719139993809286,26.519553748788084,66.1183124838517,36.470140625,0.03724062500000258,-2.159885081034659,-1.9272059961737156,-0.23267908486094346,100.0,36.344681974135696,40.18,37.82,,,,
2022-12-02,00001,35.6118,37.8014,34.7029,36.3554,32553120.0,2026-07-24,50.54100326727693,34.52670358828436,82.56960262526206,36.551624999999994,0.08148437499999517,-2.011648852175945,-1.9440945673741614,-0.0675542848017836,100.0,40.483853567318796,39.98,37.52,,,,
2022-12-09,00001,36.7272,37.7601,36.0249,37.5535,36417255.0,2026-07-24,65.63832989162026,44.89724568939633,107.12049829606812,36.75549583333333,0.20387083333333322,-1.7770096546122716,-1.9106775848217834,0.13366793020951184,100.0,51.2550345224396,39.85,37.32,,,,
2022-12-16,00001,37.1817,37.7601,36.8512,37.5535,23592191.0,2026-07-24,75.70321430784914,55.16590189554726,116.77783913245291,36.95251354166666,0.19701770833333399,-1.5729247031921645,-1.8431270084958595,0.27020230530369505,100.0,51.2550345224396,39.73,37.19,,,,
2022-12-23,00001,37.2643,38.5037,37.1817,38.1732,18644549.0,2026-07-24,82.14584996113376,64.15921791740942,118.11911404858245,37.23217708333333,0.27966354166667173,-1.3456692603052787,-1.7436354588577434,0.39796619855246473,100.0,56.82627301495975,39.64,37.14,,,,
2022-12-30,00001,38.6276,39.4952,38.3384,38.7103,10369837.0,2026-07-24,84.67401262766309,70.99748282082732,112.02707224133462,37.44113125,0.20895416666666478,-1.1094392778690434,-1.6167962226600034,0.50735694479096,100.0,61.65491944764096,39.6,37.15,,,,
2023-01-06,00001,38.9168,40.4867,37.9666,40.1149,20156374.0,2026-07-24,87.98635758429947,76.66044107531803,110.63819060226234,37.90783437499999,0.4667031249999951,-0.799667761397707,-1.4533705304075442,0.6537027690098371,100.0,77.68668083265948,39.67,37.26,,,,
2023-01-13,00001,40.7346,40.9825,39.3299,40.3628,25848864.0,2026-07-24,88.70141740305826,80.67409985123145,104.75605250671188,38.36721770833332,0.4593833333333279,-0.5280807583344398,-1.2683125759929232,0.7402318176584834,100.0,80.63308889015217,39.72,37.44,,,,
2023-01-20,00001,40.6933,41.6848,40.2801,41.0651,20576054.0,2026-07-24,89.5090091203839,83.6190696076156,101.28888814592048,38.86362395833333,0.4964062500000068,-0.2532569723636797,-1.0653014552670745,0.8120444829033948,100.0,100.0,39.81,37.68,,,,
2023-01-27,00001,41.7261,42.0153,41.1477,41.313,9554547.0,2026-07-24,89.8045947789048,85.68091133137868,98.05196167395704,39.257718749999995,0.3940947916666673,-0.01527757341378333,-0.8552966788964163,0.8400191054826329,100.0,100.0,39.94,37.96,,,,
2023-02-03,00001,41.6435,42.511,40.4041,40.7346,25433646.0,2026-07-24,84.07379701160475,85.1452065581207,81.93097791857284,39.496796874999994,0.23907812499999892,0.1252074550901412,-0.6591958520991048,0.784403307189246,44.00232355503929,93.88628748401278,40.06,38.24,,,,
2023-02-10,00001,40.652,41.3956,39.9496,40.8585,17604034.0,2026-07-24,79.65014974925857,83.31352095516667,72.3234073374424,39.65451979166666,0.15772291666666405,0.24373096796255567,-0.4786104880867727,0.7223414560493284,66.66422179844498,95.19591573562207,40.16,38.51,,,,
2023-02-17,00001,40.528,40.9825,39.2886,39.4952,18264923.0,2026-07-24,67.57041801096123,78.06581997376486,46.57961408535397,39.53823854166666,-0.11628125000000011,0.22506043282883326,-0.33787630390365153,0.5629367367324848,13.16007389005637,80.78577695096553,40.2,38.72,,,,
2023-02-24,00001,39.6191,40.1562,38.9168,39.2886,15277240.0,2026-07-24,54.743861691900996,70.29183387981024,23.6479173160825,39.43150624999999,-0.10673229166666687,0.19138681774880695,-0.23202367957315984,0.4234104973219668,19.14816913014373,78.60200619404485,40.2,38.89,,,,
2023-03-03,00001,39.2886,40.0736,38.5037,39.7018,23016146.0,2026-07-24,49.223660633259215,63.26910946429323,21.132762971191184,39.315320833333324,-0.11618541666666715,0.19578513279723353,-0.14646191709908116,0.3422470498963147,100.0,82.96954770788628,40.22,39.02,,,,
2023-03-10,00001,39.4952,41.0651,39.1234,39.2473,18470341.0,2026-07-24,39.00115210668192,55.17979034508946,6.643875629866841,39.24689166666666,-0.06842916666666099,0.160743526264838,-0.08502082842629732,0.24576435469113533,62.06493614890266,78.16546344350841,40.23,39.12,,,,
2023-03-17,00001,39.0821,41.4369,38.9994,40.3215,36653314.0,2026-07-24,41.121506057629226,50.49369558260272,22.377127007682233,39.40698749999999,0.16009583333332955,0.21714860916663525,-0.024586940907710804,0.24173555007434605,100.0,89.51980297440991,40.24,39.23,,,,
2023-03-24,00001,40.3215,40.8172,39.6604,40.0736,22847318.0,2026-07-24,40.47300530277867,47.153465489328035,27.112084929679938,39.46680520833333,0.059817708333333997,0.23909049908494495,0.028148547090820347,0.2109419519941246,81.24952726722627,86.89948946695273,40.25,39.33,,,,
2023-03-31,00001,40.2388,40.652,39.7431,40.2388,20648415.0,2026-07-24,41.41483029301936,45.24058709055848,33.76331669794112,39.63635729166666,0.16955208333333616,0.26673510800573297,0.07586585927380288,0.1908692487319301,93.74479993949,86.09557833695759,40.26,39.42,,,,
2023-04-07,00001,40.2388,41.5608,40.2388,41.2717,12561348.0,2026-07-24,57.79099531991966,49.424056500345536,74.5248729590679,39.89155520833333,0.2551979166666669,0.36775085450486245,0.1342428583200148,0.23350799618484763,100.0,99.37519855977975,40.33,39.55,,,,
2023-04-14,00001,41.5608,42.3871,41.1064,42.1805,18200075.0,2026-07-24,70.08730343262368,56.31180547777158,97.6382993423279,40.28918229166666,0.3976270833333331,0.5152002188046936,0.2104343304169506,0.304765888387743,100.0,100.0,40.43,39.72,,,,
2023-04-21,00001,42.0153,43.3373,41.6848,42.8415,24570223.0,2026-07-24,76.63908058478567,63.08756384677628,103.74211406080445,40.78106041666666,0.4918781249999995,0.677581342187132,0.3038637327709869,0.37371760941614507,99.99999999999999,100.0,40.52,39.94,,,,
2023-04-28,00001,42.9655,44.0396,41.7261,43.3786,26649496.0,2026-07-24,80.4459721947428,68.87369996276512,103.59051665869814,41.22645729166666,0.44539687500000014,0.8399268793991581,0.41107636209662113,0.428850517302537,100.0,100.0,40.63,40.2,,,,
2023-05-05,00001,43.3786,45.0724,43.1721,44.3701,18594920.0,2026-07-24,83.10921446167988,73.61887146240338,102.08990046023291,41.748462499999995,0.5220052083333329,1.0366428771647165,0.5361896651102402,0.5004532120544762,100.0,100.0,40.77,40.51,,,,
2023-05-12,00001,44.4114,44.7419,42.5524,42.8002,21800951.0,2026-07-24,76.26788072076202,74.50187454852293,79.79989306524018,41.99160624999999,0.24314374999999444,1.0537173155603554,0.6396951952002633,0.4140221203600921,40.62405446293476,78.16064771019971,40.88,40.79,,,,
2023-05-19,00001,43.1721,43.5852,42.0566,42.2219,19489773.0,2026-07-24,66.62192294416899,71.87522401373828,56.11532080503039,42.05702604166666,0.06541979166667033,1.008954356291298,0.7135470274184702,0.2954073288728277,7.145018370434193,66.45272116811115,40.96,41.03,,,,
2023-05-26,00001,42.0979,42.3458,41.3949,41.7395,18402099.0,2026-07-24,56.9015585469461,66.88400219147421,36.936671257889884,41.90549062499999,-0.15153541666666825,0.9239035550828731,0.7556183329513508,0.1682852221315223,24.521454493702453,58.91934098539859,41.04,41.21,,,,
2023-06-02,00001,41.8256,41.9979,40.1457,41.0503,30350036.0,2026-07-24,44.054763972265334,59.27425611840459,13.61577967998683,41.75901979166666,-0.146470833333332,0.7917605791493969,0.76284678219096,0.028913796958436877,43.56998362392843,43.40992772398743,41.1,41.33,,,,
2023-06-09,00001,41.1364,42.7302,41.0072,42.4718,14796745.0,2026-07-24,45.10789584132174,54.552136026043634,26.21941547187795,41.83163645833332,0.07261666666666144,0.7926028563622154,0.7687979970252111,0.02380485933700427,100.0,67.64114277921725,41.19,41.45,,,,
2023-06-16,00001,42.2564,42.7302,41.7826,42.4287,20455400.0,2026-07-24,45.51837544285083,51.5408824983127,33.473361331927094,41.895976041666664,0.06433958333334289,0.7807920723396364,0.7711968120880962,0.009595260251540227,98.14711319375769,66.9064502931951,41.29,41.56,,,,
2023-06-23,00001,42.2995,42.6441,41.0072,41.481,13948801.0,2026-07-24,39.38002859172716,47.48726452945085,23.165556716279795,41.917010416666656,0.021034374999992167,0.687040693719787,0.7543655884144344,-0.06732489469464731,32.35012972825364,50.75173871539616,41.32,41.63,,,,
2023-06-30,00001,41.481,42.0841,40.7057,41.2226,19535656.0,2026-07-24,33.53950066141126,42.838009906770985,14.942482170691804,41.77920624999999,-0.13780416666666895,0.5851461299154082,0.7205216967146291,-0.13537556679922091,30.0,46.34699304513838,41.34,41.66,,,,
2023-07-07,00001,41.2226,41.6533,39.4565,39.6288,20814632.0,2026-07-24,23.446308295281728,36.3741093696079,-2.409293853370613,41.389813541666655,-0.3893927083333324,0.3715051340012536,0.6507183841719539,-0.2792132501707003,8.510743393430458,19.178712668757612,41.3,41.62,,,,
2023-07-14,00001,40.2319,41.3518,39.4996,41.0934,20739129.0,2026-07-24,28.846492933002292,33.86490389073936,18.809671017528146,41.32060312499999,-0.06921041666666383,0.31672309863830606,0.5839193270652243,-0.26719622842691826,92.68444595436287,44.14462021000956,41.29,41.57,,,,
2023-07-21,00001,40.878,41.0934,40.2319,40.9641,14029342.0,2026-07-24,34.58161792768013,34.10380856971962,35.53723664360115,41.18832916666666,-0.13227395833332878,0.25987879060592434,0.5191112197733643,-0.25923242916743994,92.10092247541083,41.940542751943276,41.26,41.52,,,,
2023-07-28,00001,40.6195,41.8256,40.1888,41.7395,17086547.0,2026-07-24,46.30028054084497,38.1692992267614,62.56224316901212,41.28987708333332,0.10154791666666085,0.27423634083006476,0.4701362439847044,-0.19589990315463962,100.0,51.01942018731261,41.23,41.49,,,,
2023-08-04,00001,41.7826,42.2133,37.8197,38.0351,38884973.0,2026-07-24,32.329026588713894,36.222541680745564,24.541996404650547,40.77695729166666,-0.5129197916666612,-0.013147759032278827,0.37347944338130773,-0.38662720241358656,5.495178325424827,3.2883488031265626,41.07,41.36,,,,
2023-08-11,00001,37.6474,38.2504,37.0013,37.0874,30336689.0,2026-07-24,22.053653164840615,31.49957884211058,3.1618018103006875,40.15170104166667,-0.6252562499999925,-0.3137564098186445,0.23603227274131727,-0.5497886825599618,1.8171457515512612,1.168439908804715,40.85,41.13,,,,
2023-08-18,00001,36.872,37.0013,35.3644,35.4506,28394514.0,2026-07-24,15.097140353227937,26.032099345816366,-6.7727776319489195,39.27823229166667,-0.8734687500000007,-0.6762713765621697,0.053571542880619855,-0.7298429194427896,3.227618227430942,0.9571715691173155,40.62,40.79,,,,
2023-08-25,00001,35.4506,35.9675,34.6752,35.3644,22776298.0,2026-07-24,13.112389390489014,21.725529360707252,-4.113890549947463,38.6580625,-0.6201697916666689,-0.9594626311155068,-0.14903529191860548,-0.8104273391969012,28.571428571428783,7.108892304201244,40.39,40.38,,,,
2023-09-01,00001,36.1828,37.0443,35.4936,36.829,19415877.0,2026-07-24,18.265655135418335,20.572237952277614,13.652489501699776,38.310294791666664,-0.34776770833333615,-1.0535678860377402,-0.32994181074243245,-0.7236260752953078,100.0,22.215804185705917,40.23,39.99,,,,
2023-09-08,00001,37.3604,37.4043,36.1765,36.2642,18894519.0,2026-07-24,19.203630886323896,20.11603559695971,17.378821465052276,37.98184895833333,-0.3284458333333333,-1.160345873386646,-0.4960226232712752,-0.6643232501153709,73.77658092673428,16.39006075359215,40.07,39.6,,,,
2023-09-15,00001,36.3519,37.1412,35.8695,36.7904,24607644.0,2026-07-24,22.155794341120284,20.795955178346567,24.87547266666772,37.915178125,-0.06667083333333323,-1.1888044575102938,-0.6345789901190789,-0.5542254673912149,97.10948030552625,21.817656706103215,39.9,39.25,,,,
2023-09-22,00001,36.5711,37.0096,35.8695,36.7465,18012453.0,2026-07-24,23.929778354651603,21.840562903781578,28.108209256391653,37.75370937499999,-0.1614687500000045,-1.2010554341597626,-0.7478742789272157,-0.4531811552325469,95.2329243131718,21.364841308316745,39.73,38.94,,,,
2023-09-29,00001,36.7027,37.0973,35.6503,36.7465,20982783.0,2026-07-24,25.11243436367248,22.931186723745213,29.47492964352702,37.73124479166666,-0.022464583333331234,-1.1969665362736208,-0.8376927303964967,-0.3592738058771241,96.14946057363382,25.492923076923088,39.57,38.65,,,,
2023-10-06,00001,36.0449,36.6588,34.9048,35.9134,14751540.0,2026-07-24,28.285965416760302,24.716112954750244,35.425670340780414,37.50095208333333,-0.23029270833333015,-1.2465804591688254,-0.9194702761509624,-0.327110183017863,54.76461964489349,15.881281584280396,39.4,38.37,,,,
2023-10-13,00001,35.738,36.7465,35.3872,35.7818,14318580.0,2026-07-24,32.37336563186411,27.268530513788203,42.58303586801592,37.189829166666655,-0.311122916666676,-1.2817437268597232,-0.9919249662927145,-0.2898187605670086,47.61904761904747,14.19336633917348,39.26,38.1,,,,
2023-10-20,00001,35.4749,36.0011,34.4225,34.8171,15886668.0,2026-07-24,25.99344951396083,26.843503513845747,24.293341514191,36.72502291666667,-0.4648062499999881,-1.3716426548014837,-1.0678685039944684,-0.3037741508070153,26.46723455630848,4.9022896400929765,39.04,37.8,,,,
2023-10-27,00001,34.8171,35.0364,33.6332,34.7733,19356404.0,2026-07-24,27.406485722485495,27.031164250058996,28.15712866733849,36.39440104166666,-0.3306218750000056,-1.4299390495729298,-1.1402826131101607,-0.2896564364627692,53.062459275807484,12.899101667684892,38.83,37.51,,,,
2023-11-03,00001,34.7294,36.2203,34.2471,35.8257,17269860.0,2026-07-24,37.65083544289728,30.571054647671758,51.81039703334832,36.26678020833333,-0.12762083333333152,-1.3753651246836327,-1.1872991154248551,-0.1880660092587776,100.0,24.92751975441983,38.64,37.26,,,,
2023-11-10,00001,36.0011,36.1326,33.8963,34.0278,21199718.0,2026-07-24,28.8500818574085,29.99739705091734,26.555451470390828,35.97775416666666,-0.28902604166667345,-1.460356321711295,-1.2419105566821431,-0.2184457650291518,17.997719498289523,4.867818856938395,38.45,36.98,,,,
2023-11-17,00001,34.2471,36.0449,34.0278,35.2556,24093769.0,2026-07-24,34.84494646271737,31.613246854850683,41.30834567845074,35.92790937499999,-0.04984479166666489,-1.41235846956247,-1.2760001392582085,-0.13635833030426148,70.45195397532932,20.01406313607934,38.32,36.74,,,,
2023-11-24,00001,35.431,36.1326,35.1679,35.3433,14573769.0,2026-07-24,39.685416903187786,34.303970204296384,50.44831030097059,35.764231249999995,-0.163678124999997,-1.351662050134614,-1.2911325214334897,-0.06052952870112427,100.0,21.095937727446525,38.24,36.53,,,,
2023-12-01,00001,35.431,35.5626,33.9401,34.7294,32120631.0,2026-07-24,38.193686965533765,35.60054245804218,43.37997598051693,35.70686770833333,-0.05736354166666757,-1.3376763990143843,-1.3004412969496686,-0.0372351020647157,56.24999999999987,13.522815587876051,38.16,36.33,,,,
2023-12-08,00001,35.0802,35.431,34.2471,35.2556,23590006.0,2026-07-24,42.83309363693323,38.01139285100586,52.476495208787966,35.630140624999996,-0.07672708333333134,-1.2694987361821362,-1.294252784796162,0.02475404861402586,93.75000000000013,20.01406313607934,38.07,36.16,,,,
2023-12-15,00001,34.6417,36.5711,34.2032,36.2203,33059099.0,2026-07-24,57.908561851650525,44.643782517887416,84.43812051917675,35.65659583333333,0.02645520833333137,-1.1246598409582163,-1.2603341960285728,0.13567435507035652,100.0,31.914683641118636,38.02,36.05,,,,
2023-12-22,00001,36.0449,36.3519,35.2995,35.8695,24968831.0,2026-07-24,63.97870675515711,51.08875726364398,89.75860573818339,35.77091145833332,0.11431562499999615,-1.0263494832647382,-1.2135372534758058,0.18718777021106758,82.60869565217394,50.8030623140008,37.93,35.97,,,,
2023-12-29,00001,36.0449,36.8781,35.7818,36.7027,10654604.0,2026-07-24,74.02502018971255,58.734178239000165,104.6067040911373,35.92250624999999,0.15159479166666756,-0.8711633114733814,-1.145062465075321,0.2738991536019395,100.0,88.86283365178618,37.87,35.94,,,,
2024-01-05,00001,36.8342,36.8781,35.6064,35.7818,11813286.0,2026-07-24,70.42788588585971,62.63208078795335,86.01949608167241,35.850253124999995,-0.07225312499999603,-0.813113025181309,-1.0786725770965186,0.26555955191520964,34.37143671607723,67.23199198948608,37.79,35.92,,,,
2024-01-12,00001,35.8695,36.3519,35.5187,35.6503,15370336.0,2026-07-24,66.35514607049144,63.87310254879938,71.31923311387555,35.824286458333326,-0.025966666666668914,-0.7688558148364493,-1.0167092246445049,0.2478534098080556,11.11486486486479,63.117216346454725,37.71,35.89,,,,
2024-01-19,00001,35.9134,36.0888,33.7209,34.0717,25587718.0,2026-07-24,47.94046775069799,58.562224282765584,26.696954686562805,35.49980520833332,-0.32448125000000516,-0.8513476777875013,-0.9836369152731042,0.13228923748560284,17.021689553107873,13.721133988359655,37.6,35.81,,,,
2024-01-26,00001,34.2032,35.738,33.107,35.2556,26961864.0,2026-07-24,50.952117938118356,56.025522167883175,40.80530947858871,35.384801041666655,-0.11500416666666524,-0.8118339216632506,-0.9492763165511334,0.1374423948878828,84.48079267093934,58.33197589183913,37.53,35.74,,,,
2024-02-02,00001,35.4749,36.3519,34.861,35.6503,23927241.0,2026-07-24,56.44869878045099,56.16658103873911,57.01293426387474,35.411549999999984,0.026748958333328687,-0.7401381421167486,-0.9074486816642564,0.16731053954750785,100.0,69.04761904761912,37.48,35.69,,,,
2024-02-09,00001,35.4749,36.9658,35.1679,35.8257,22720281.0,2026-07-24,61.11731433848245,57.816825471986895,67.71829207147356,35.537857291666654,0.1263072916666701,-0.6615395895704381,-0.8582668632454927,0.1967272736750546,100.0,74.69982140403901,37.4,35.66,,,,
2024-02-16,00001,35.8257,37.185,35.0364,37.185,15376426.0,2026-07-24,74.0782095589883,63.237286834320706,95.7600550083235,35.79918437499999,0.26132708333333454,-0.48398642629830846,-0.7834107758560559,0.29942434955774744,100.0,100.0,37.43,35.69,,,,
2024-02-23,00001,37.2289,37.7989,36.308,37.0096,26494934.0,2026-07-24,77.11126998015261,67.86194788293135,95.60991417459516,36.02436562499999,0.22518124999999856,-0.35335433055748666,-0.697399486796342,0.34404515623885534,91.83654472679869,95.69887199607643,37.44,35.76,,,,
2024-03-01,00001,36.8781,37.0973,34.4225,34.6417,36370665.0,2026-07-24,62.31070108341013,66.01153228309094,54.90903868404851,35.914277083333324,-0.11008854166666282,-0.43587272471430794,-0.6450941343799352,0.2092214096656273,7.934841628959294,37.63364394310936,37.38,35.76,,,,
2024-03-08,00001,34.8171,35.8257,34.2471,35.5187,28581241.0,2026-07-24,58.674251143922085,63.56577190336799,48.891209625030285,35.758974999999985,-0.15530208333333917,-0.42559656372932153,-0.6011946202498125,0.17559805652049099,46.03076923076928,59.139283962726864,37.36,35.76,,,,
2024-03-15,00001,35.6064,36.7904,35.6064,36.0011,30418450.0,2026-07-24,59.67713420180424,62.26955933618007,54.492283933052576,35.68452708333332,-0.07444791666666362,-0.3742132858780636,-0.5557983533754627,0.1815850674973991,100.0,70.96861206473761,37.33,35.77,,,,
2024-03-22,00001,36.308,36.308,34.1155,34.5102,35869911.0,2026-07-24,49.75370972121389,58.09760946452468,33.06591023459231,35.55846249999999,-0.12606458333333137,-0.44862338686778713,-0.5343633600739276,0.08573997320614046,20.932329232074643,34.409024031387865,37.25,35.73,,,,
2024-03-29,00001,34.4225,34.6417,32.8,33.1508,37175128.0,2026-07-24,35.50832110069229,50.56784667658055,5.389269948915782,35.11082708333332,-0.44763541666667095,-0.6102515470521297,-0.549540997469568,-0.060710549582561724,10.958732935553376,7.9999999999999805,37.12,35.62,,,,
2024-04-05,00001,33.5455,34.3348,33.0631,33.5455,23174226.0,2026-07-24,28.64330770772912,43.25966702029674,-0.5894109174061128,34.70476041666665,-0.4060666666666677,-0.6984428230136288,-0.5793213625783802,-0.11912146043524863,43.59139281955325,17.001140250855165,36.98,35.47,,,,
2024-04-12,00001,33.3262,34.1155,32.493,32.6685,35059151.0,2026-07-24,20.198084693949493,35.572472911514325,-10.550691741180174,34.41791041666666,-0.28684999999999405,-0.8295392036328764,-0.6293649307892795,-0.2001742728435969,16.674584323040417,3.7404092071611155,36.84,35.29,,,,
2024-04-19,00001,32.3615,32.6246,31.0021,31.4406,32525136.0,2026-07-24,15.615911610153402,28.920285811060683,-10.992836791661162,33.98031562499999,-0.4375947916666689,-1.0207487416834837,-0.7076416929681203,-0.31310704871536343,17.240701423291718,7.092141228226253,36.65,35.03,,,,
2024-04-26,00001,31.5283,33.9401,31.4845,33.5455,30272579.0,2026-07-24,24.31991342326278,27.386828348461382,18.186083572865577,33.82912499999998,-0.15119062500000524,-0.9910120693107842,-0.764315768236653,-0.2266963010741312,100.0,41.13603648773224,36.56,34.81,,,,
2024-05-03,00001,33.6332,34.8171,33.2824,34.4663,27222451.0,2026-07-24,36.16271385010819,30.312123515676983,47.8638945189706,33.94056979166665,0.11144479166666343,-0.882966390736037,-0.7880458927365298,-0.09492049799950719,100.00000000000001,56.028724384997275,36.5,34.66,,,,
2024-05-10,00001,34.4663,36.2642,33.984,36.0888,35988429.0,2026-07-24,53.40147499594945,38.00857400910114,84.18727696964606,34.43526458333332,0.4946947916666744,-0.6588227235821975,-0.7622012589056634,0.10337853532346586,100.0,82.27045561144443,36.48,34.6,,,,
2024-05-17,00001,36.0888,37.0973,35.8695,37.0535,31395115.0,2026-07-24,68.69478391688665,48.237310645029645,109.60973046060066,34.89888854166665,0.46362395833332926,-0.3987475117256807,-0.6895105094696669,0.2907629977439862,99.99999999999999,97.87316631354214,36.48,34.64,,,,
2024-05-24,00001,37.0535,37.492,36.0011,36.1765,25819748.0,2026-07-24,72.37320329971213,56.28260819659047,104.55439350595543,35.22913958333332,0.33025104166667063,-0.26040086412612595,-0.6036885804009586,0.3432877162748327,71.42857142857133,83.68888385708964,36.43,34.72,,,,
2024-05-31,00001,36.1765,37.0161,34.6797,34.9088,33746454.0,2026-07-24,68.31433993279833,60.293185441993096,84.35664891440881,35.24894687499999,0.01980729166666606,-0.25016915031876863,-0.5329846943845207,0.28281554406575204,9.651192181312759,63.185560174028346,36.33,34.78,,,,
2024-06-07,00001,35.2753,36.4664,35.0462,35.4127,23665029.0,2026-07-24,68.19655513232028,62.927642005435494,78.73438138608988,35.17299687499999,-0.07594999999999885,-0.19910476884213324,-0.4662087092760432,0.26710394043390995,48.97113842864805,71.3354574714131,36.29,34.84,,,,
2024-06-14,00001,35.0004,35.092,33.7635,33.7635,25907922.0,2026-07-24,59.64743402859269,61.83423934648789,55.273823392802285,34.89645729166665,-0.2765395833333386,-0.2883881763024121,-0.430644602681317,0.1422564263789049,0.0,44.66189005159392,36.18,34.84,,,,
2024-06-21,00001,33.7177,34.7714,33.4428,33.4886,27683330.0,2026-07-24,50.88494492182222,58.184474538265995,36.28588568893467,34.652915624999984,-0.24354166666666544,-0.3769824336994674,-0.4199121688849471,0.04292973518547971,2.3249911163003087,40.215756360283976,36.06,34.8,,,,
2024-06-28,00001,33.3512,34.4507,33.1221,34.2674,33255961.0,2026-07-24,42.65957585816165,53.00950831156455,21.95971095135586,34.442020833333316,-0.2108947916666679,-0.3799712970880478,-0.4119239945255672,0.03195269743751944,100.0,52.811787348978655,35.98,34.76,,,,
2024-07-05,00001,33.8551,35.2753,33.8551,34.3132,27088423.0,2026-07-24,37.525356116857076,47.84812424666206,16.879819857247114,34.44697187499998,0.004951041666664935,-0.3743292806877818,-0.4044050517580101,0.030075771070228297,100.0,53.55254007019362,35.94,34.71,,,,
2024-07-12,00001,34.4507,37.5201,33.8093,37.3826,33993645.0,2026-07-24,57.30809704440461,51.001448512576246,69.92139410806135,35.02049479166665,0.5735229166666684,-0.12079061506720734,-0.34768216441984956,0.22689154935264222,100.0,99.99999999999999,35.98,34.77,,,,
2024-07-19,00001,37.062,37.795,36.1457,37.4743,26857174.0,2026-07-24,69.25107273553157,57.08465658689469,93.5839050328053,35.47448645833332,0.453991666666667,0.08654242056221761,-0.2608372474234361,0.34737966798565373,99.99999999999999,99.99999999999999,36.05,34.9,,,,
2024-07-26,00001,37.4743,38.0698,36.558,37.062,20616097.0,2026-07-24,72.71102836652578,62.293447180105055,93.54619073936722,35.90794583333332,0.4334593750000053,0.21510656619140178,-0.16564848470046853,0.38075505089187034,88.75034106412001,93.62967769846418,36.12,35.06,,,,
2024-08-02,00001,37.1536,38.1156,36.4664,36.7413,28522846.0,2026-07-24,72.63342614041541,65.74010683354184,86.42006475416255,35.99900520833332,0.09105937500000039,0.2877991980525394,-0.07495894814986694,0.3627581462024063,44.829143459280736,88.67463922622916,36.17,35.22,,,,
2024-08-09,00001,36.1915,37.1536,35.8708,36.9703,25034688.0,2026-07-24,74.11034523976694,68.53018630228354,85.27066311473374,36.06748333333332,0.06847812499999861,0.35974015807990156,0.011980873096086767,0.3477592849838148,92.30188045668265,92.21284879948088,36.2,35.38,,,,
2024-08-16,00001,36.9245,37.9782,35.5044,36.0541,34727009.0,2026-07-24,68.9790072367112,68.6797932804261,69.5774351492814,36.06819166666666,0.0007083333333355313,0.338917375673077,0.07736817361148482,0.26154920206159216,37.4991472815335,78.05692036710853,36.16,35.52,,,,
2024-08-23,00001,36.1457,38.5279,36.0999,37.8866,31148310.0,2026-07-24,75.36494349528449,70.9081766853789,84.27847711509568,36.27133645833332,0.20314479166666644,0.46492325981960647,0.15487919085310914,0.31004406896649733,100.0,100.0,36.17,35.68,,,,
2024-08-30,00001,37.8866,40.4521,37.8866,39.4442,42012990.0,2026-07-24,78.51902276655186,73.44512537910322,88.66681754144912,36.679429166666665,0.4080927083333421,0.6826005393096821,0.2604234605444238,0.42217707876525834,100.0,100.0,36.23,35.92,,,,
2024-09-06,00001,39.4442,39.7649,38.1615,39.1235,24973734.0,2026-07-24,79.01248112579542,75.30091062800062,86.435622121385,37.180830208333326,0.5014010416666608,0.819783586895241,0.3722954858145872,0.4474881010806538,90.41054929282654,96.20118217031305,36.32,36.18,,,,
2024-09-13,00001,39.0777,39.4048,37.7033,38.7061,34297377.0,2026-07-24,74.24527933734839,74.94903353111654,72.8377709498121,37.49755416666666,0.3167239583333341,0.8846240533865455,0.47476119932897887,0.4098628540575666,57.60238956861385,90.72703745116019,36.42,36.44,,,,
2024-09-20,00001,38.7061,40.9885,38.4267,40.9885,32136723.0,2026-07-24,82.83018622489892,77.576084429044,93.33838981660878,38.011224999999996,0.513670833333336,1.10741559774997,0.601292079013177,0.506123518736793,100.0,100.0,36.61,36.77,,,,
2024-09-27,00001,40.9885,42.0597,40.2432,41.7803,59518615.0,2026-07-24,87.13272413264379,80.7616309969106,99.87491040411018,38.72169583333333,0.710470833333332,1.3325107895133357,0.7475358211132088,0.5849749684001269,100.0,100.0,36.84,37.15,,,,
2024-10-04,00001,41.9666,42.5721,40.5693,42.2461,53072424.0,2026-07-24,89.88430506409786,83.80252235263968,102.0478704870142,39.41222187499999,0.690526041666665,1.5308399478520087,0.9041966464609688,0.62664330139104,100.0,100.0,37.08,37.58,,,,
2024-10-11,00001,42.3858,43.1776,38.9856,40.7556,44680470.0,2026-07-24,82.73473471457679,83.44659313995204,81.31101786382627,39.59092083333333,0.17869895833333516,1.5498802861760197,1.033333374403979,0.5165469117720407,54.286152430608894,83.66396317404649,37.27,37.97,,,,
2024-10-18,00001,40.7556,40.8021,38.3335,39.1253,42108956.0,2026-07-24,69.404998035083,78.76606143832903,50.682871228590926,39.4612625,-0.12965833333333165,1.4170830551059268,1.1100833105443686,0.3069997445615582,20.237182436231727,65.79570363875496,37.36,38.26,,,,
2024-10-25,00001,38.939,39.6377,38.613,38.8925,22942507.0,2026-07-24,53.51110714227753,70.34774333964519,19.837834747542217,39.26358437499999,-0.19767812500000304,1.2783196056338468,1.1437305695622642,0.13458903607158268,23.07914619545012,63.24419114423496,37.44,38.49,,,,
2024-11-01,00001,38.8925,39.5445,37.9143,38.2404,23047947.0,2026-07-24,38.94450478648351,59.87999715525797,-2.926479951065403,38.97830416666666,-0.285280208333333,1.1030146853279845,1.1355873927154083,-0.032572707387423794,26.928158546655848,56.09710653222272,37.52,38.63,,,,
2024-11-08,00001,38.2869,39.0322,37.728,38.4267,25593412.0,2026-07-24,30.367828161000386,50.04260749050544,-8.981730498009725,38.85322291666666,-0.12508125000000092,0.9679590960817706,1.1020617333886809,-0.1341026373069103,59.99999999999976,58.138974134151646,37.6,38.71,,,,
2024-11-15,00001,37.7746,38.1472,36.7033,37.4951,32988120.0,2026-07-24,24.321849967076485,41.46902164936245,-9.972493397495455,38.55759895833332,-0.2956239583333371,0.7767997700788101,1.0370093407267067,-0.2602095706478966,45.9440640594176,47.928540113985086,37.64,38.73,,,,
2024-11-22,00001,37.728,38.0541,36.9362,37.1691,18206430.0,2026-07-24,18.612766707530117,33.850270002085004,-11.862239881579654,38.28978437499999,-0.2678145833333332,0.5921729503320066,0.9480420626477667,-0.3558691123157601,27.027967970291407,39.82315569884317,37.67,38.69,,,,
2024-11-29,00001,37.2157,38.1006,36.843,37.728,23412090.0,2026-07-24,17.684242362835867,28.46159412233529,-3.8704611561629747,38.185562499999996,-0.10422187499999325,0.4853585137744574,0.8555053528731048,-0.37014683909864743,100.0,46.447705291105656,37.68,38.63,,,,
2024-12-06,00001,37.9609,39.7309,37.728,39.4514,25162068.0,2026-07-24,25.93825745174081,27.620481898803792,22.573808557614846,38.449514583333325,0.2639520833333293,0.5336200405310834,0.7911282904047006,-0.2575082498736172,99.99999999999999,58.546064049127104,37.74,38.62,,,,
2024-12-13,00001,39.498,41.0816,39.2185,39.5445,30074018.0,2026-07-24,38.92309383412995,31.388019210579177,53.99324308123149,38.72668854166667,0.2771739583333428,0.5727774185822199,0.7474581160402044,-0.17468069745798454,100.0,59.9270213744308,37.82,38.64,,,,
2024-12-20,00001,39.1253,39.4514,37.6349,37.8212,30749091.0,2026-07-24,34.459642895487754,32.41189377221537,38.555141142032525,38.66328645833333,-0.06340208333333663,0.4594576729689237,0.6898580274259483,-0.23040035445702456,9.755969836614785,34.365219455033596,37.84,38.63,,,,
2024-12-27,00001,38.0075,39.3117,37.9609,38.939,9095977.0,2026-07-24,39.99416127862626,34.939316274352336,50.10385128717411,38.62806354166666,-0.03522291666666888,0.4546076423833654,0.6428079504174317,-0.1882003080340663,68.29178885630499,50.9456071910646,37.88,38.63,,,,
2025-01-03,00001,38.939,39.1719,37.9143,38.3335,12249814.0,2026-07-24,39.073984016050275,36.31753885491832,44.58687433831419,38.534153124999996,-0.09391041666666666,0.3973250526951517,0.5937113708729757,-0.19638631817782393,53.56951154052603,41.964193007698405,37.88,38.62,,,,
2025-01-10,00001,38.613,38.939,37.3554,37.5883,21967646.0,2026-07-24,32.78709761284407,35.140725107560236,28.07984262341175,38.48238541666666,-0.05176770833333677,0.2884714561850643,0.5326633879353934,-0.24419193175032905,14.706996716342138,24.2165891119716,37.85,38.58,,,,
2025-01-17,00001,37.3088,37.5417,36.6101,37.4485,27110999.0,2026-07-24,28.10801848385438,32.79648956632495,18.73107631891324,38.252006249999994,-0.23037916666666547,0.18874773862092553,0.4638802580724998,-0.27513251945157424,48.6480213531392,14.875798438608955,37.83,38.52,,,,
2025-01-24,00001,37.5883,37.728,36.3307,36.5636,25197409.0,2026-07-24,20.37275533968214,28.65524482411068,3.807776370825053,37.941140624999996,-0.31086562499999815,0.037875336100633206,0.3786792736781265,-0.3408039375774933,18.51940203562352,3.93718091760491,37.78,38.41,,,,
2025-01-31,00001,36.7965,37.4485,36.517,36.517,7443091.0,2026-07-24,14.888957649188718,24.066482432470025,-3.4660919173738947,37.76256041666666,-0.17858020833333654,-0.08447854434803759,0.28604771007289365,-0.37052625442093123,16.666666666666877,3.1494066335328608,37.73,38.28,,,,
2025-02-07,00001,35.8649,36.9362,35.5854,36.3773,36179924.0,2026-07-24,14.728683943023777,20.95388293598794,2.2782859570954486,37.52754687499999,-0.23501354166666744,-0.1905212877839091,0.1907339105015331,-0.3812551982854422,80.95481496626431,11.889140780998972,37.69,38.12,,,,
2025-02-14,00001,36.2841,37.2157,36.0046,36.7499,33042699.0,2026-07-24,19.859646856997717,20.589137576324532,18.40066541834409,37.440289583333325,-0.08725729166666696,-0.2417089495894018,0.1042453384833461,-0.3459542880727479,100.0,17.483147416938117,37.67,37.98,,,,
2025-02-21,00001,36.6567,37.1225,36.2841,36.7033,42021668.0,2026-07-24,23.23985402557148,21.472709726073514,26.77414262456741,37.37238124999999,-0.06790833333333524,-0.28277610400009934,0.026841049986657012,-0.3096171539867564,95.99828252468888,16.783521251520096,37.66,37.84,,,,
2025-02-28,00001,36.4704,37.4951,36.1909,36.1909,52465644.0,2026-07-24,21.12082094199769,21.355413464714903,20.651635896563256,37.21032083333333,-0.16206041666666238,-0.3526039189486525,-0.049047943800404906,-0.3035559751482476,24.996645646048222,11.71134578933115,37.64,37.69,,,,
2025-03-07,00001,36.3773,49.3259,35.8649,46.112,270497442.0,2026-07-24,39.617221117791416,27.44268268240707,63.96629798856011,38.57853854166666,1.368217708333333,0.38813273793153513,0.03838819254598311,0.349744545385552,100.0,100.00000000000001,37.93,37.87,,,,
2025-03-14,00001,45.6928,46.9038,42.8981,43.0845,122489625.0,2026-07-24,44.60368626901073,33.163017211274955,67.48502438448229,39.50718854166666,0.9286499999999975,0.7225488339153614,0.17522032081985878,0.5473285130955026,70.45505557669973,71.23952653278359,38.06,38.16,,,,
2025-03-21,00001,42.7584,44.0626,39.9637,40.2898,193939526.0,2026-07-24,41.148281900432636,35.82477210766085,51.79530148597621,40.01954791666666,0.5123593750000026,0.7533825406386967,0.29085276478362637,0.4625297758550703,43.181973436386876,44.69059335397943,38.1,38.42,,,,
2025-03-28,00001,40.9419,43.7365,40.5693,42.0597,111273624.0,2026-07-24,43.138312164908825,38.26261879341018,52.88969890790612,39.99431145833333,-0.025236458333331768,0.910143051141155,0.4147108220551321,0.4954322290860229,67.16226608561905,61.50418938688654,38.23,38.72,,,,
2025-04-04,00001,40.1501,41.6871,40.1035,40.8487,53181875.0,2026-07-24,41.527211688169025,39.35081642499646,45.880002214514164,40.066596874999995,0.07228541666666644,0.9259851257383431,0.5169656827917744,0.4090194429465688,42.223282442748065,50.00000000000001,38.29,38.99,,,,
2025-04-11,00001,38.4267,38.8459,34.8868,37.0759,116419382.0,2026-07-24,32.738446869340486,37.1466932397778,23.921954128465856,39.80896145833333,-0.2576354166666661,0.6268803679356978,0.5389486198205591,0.08793174811513871,30.519036930669557,19.50165698606703,38.22,39.11,,,,
2025-04-18,00001,37.6349,39.6843,37.3554,39.2651,42870354.0,2026-07-24,31.93314025532958,35.408842244961725,24.98173627606529,39.357745833333325,-0.45121562500000323,0.5600321346950423,0.5431653227954557,0.01686681189958661,73.43799795367242,39.00420482485831,38.24,39.19,,,,
2025-04-25,00001,39.3582,41.2679,39.3117,40.2898,34071583.0,2026-07-24,33.76183674701468,34.85984041231271,31.56582941641861,39.29273229166667,-0.06501354166665863,0.5830184803361789,0.5511359543036003,0.03188252603257857,100.0,48.13277269001887,38.31,39.29,,,,
2025-05-02,00001,40.1035,41.1748,39.9172,40.8021,28094787.0,2026-07-24,36.16363609799409,35.29443897420651,37.90203034556926,39.75122604166666,0.45849374999999526,0.6352508767178549,0.5679589387864512,0.06729193793140364,99.99999999999999,52.69661119623705,38.44,39.4,,,,
2025-05-09,00001,40.8021,41.7803,40.4761,41.5474,31729241.0,2026-07-24,42.58458378350644,37.72448724397315,52.30477686257301,40.06562708333333,0.31440104166667027,0.728388499219534,0.6000448508730678,0.12834364834646617,100.0,59.33613654990558,38.59,39.54,,,,
2025-05-16,00001,41.9666,42.4789,41.5008,42.1529,42480921.0,2026-07-24,54.78560444362332,43.41152631052321,77.53376070982354,40.434853125,0.3692260416666642,0.8413608416442742,0.6483080490273091,0.19305279261696506,100.0,64.73024979510387,38.78,39.73,,,,
2025-05-23,00001,42.1529,42.5255,41.6871,42.0132,32775865.0,2026-07-24,63.366077467389346,50.063043362811925,89.97214567654419,40.88948229166667,0.4546291666666704,0.9091396188528904,0.7004743629924254,0.20866525586046503,91.66865458015238,63.48572853935784,38.95,39.93,,,,
2025-05-30,00001,42.0597,42.5634,41.4065,42.5634,41899114.0,2026-07-24,75.57738497825956,58.56782390129447,109.59650713218976,41.069095833333336,0.17961354166666865,0.9957726822630377,0.7595340268465478,0.23623865541648992,100.0,68.3872002280583,39.15,40.15,,,,
2025-06-06,00001,42.3706,44.6843,41.6957,44.2505,44138140.0,2026-07-24,82.24236994638075,66.45933924965657,113.80843133982913,41.50018854166667,0.43109270833333113,1.186883228441772,0.8450038671655926,0.34187936127617946,99.99999999999999,83.41677653850266,39.41,40.43,,,,
2025-06-13,00001,44.3469,46.275,44.1541,45.6966,42122377.0,2026-07-24,86.0000480569934,72.97290885210218,112.05432646677585,42.194109375,0.6939208333333298,1.4384463831009882,0.9636923703526717,0.4747540127483164,100.0,96.29939778355838,39.52,40.79,,,,
2025-06-20,00001,45.9376,47.4801,45.5038,45.6966,45645879.0,2026-07-24,83.38865159629341,76.44482310016592,97.2763085885484,42.780560416666674,0.5864510416666775,1.6191474714168876,1.0947833905655149,0.5243640808513728,100.0,96.29939778355838,39.67,41.2,,,,
2025-06-27,00001,45.1182,47.7211,44.9736,46.9499,36337067.0,2026-07-24,85.63168827486378,79.50711149173186,97.88084184112759,43.43001041666667,0.6494499999999945,1.8422489227023746,1.2442764969928868,0.5979724257094878,100.0,100.0,39.91,41.66,,,,
2025-07-04,00001,46.8053,48.155,46.4197,46.8535,27131411.0,2026-07-24,84.77144478973561,81.26188925773312,91.79055585374061,44.02976666666667,0.5997562499999987,1.9883591888354175,1.3930930353613928,0.5952661534740247,95.1221980468551,99.20086876507695,40.14,42.14,,,,
2025-07-11,00001,46.7571,46.8053,45.5038,46.275,27903036.0,2026-07-24,80.561615683834,81.02846473310008,79.62791758530184,44.479816666666665,0.4500499999999974,2.03402553194438,1.5212795346779902,0.5127459972663897,65.85032636745431,94.40525238122869,40.35,42.6,,,,
2025-07-18,00001,46.275,47.2391,45.8894,47.1909,25278111.0,2026-07-24,82.27903123581574,81.4453202340053,83.94645323943661,44.87737604166667,0.39755937500000726,2.1196874756115776,1.6409611228647076,0.4787263527468699,100.0,100.0,40.68,43.06,,,,
2025-07-25,00001,47.7211,51.8666,47.2391,51.5292,54938298.0,2026-07-24,87.1108239647012,83.3338214775706,94.66482893896242,45.89135625,1.0139802083333294,2.5087207650874603,1.8145130513092582,0.6942077137782021,99.99999999999999,100.0,41.13,43.65,,,,
2025-08-01,00001,52.0112,52.6379,48.5888,48.6852,51068592.0,2026-07-24,79.3660664209241,82.01123645868843,74.07572634539545,46.489761458333334,0.5984052083333324,2.558057721057594,1.9632219852589254,0.5948357357986684,49.57267988226532,82.91111858866509,41.45,44.2,,,,
2025-08-08,00001,48.2996,49.9385,47.7211,49.6011,34235171.0,2026-07-24,74.31228414168463,79.44491901968716,64.04701438567955,47.090601041666666,0.6008395833333324,2.6406236242130277,2.098702313049746,0.5419213111632817,55.056991678515665,88.41453155794837,41.81,44.76,,,,
2025-08-15,00001,50.0349,51.3846,49.0226,49.6011,36800775.0,2026-07-24,69.66730071866651,76.18571291934694,56.630476317305636,47.34218020833334,0.2515791666666729,2.6752194329620096,2.2140057370321986,0.461213695929811,100.0,88.41453155794837,42.14,45.29,,,,
2025-08-22,00001,49.5529,50.6133,49.3118,49.9385,28618990.0,2026-07-24,68.03805460799425,73.46982681556271,57.174510192857355,47.792775,0.45059479166665994,2.6987526798968275,2.3109551256051244,0.38779755429170315,100.0,90.44188338220445,42.47,45.8,,,,
2025-08-29,00001,50.1313,50.7097,49.119,49.5047,29251167.0,2026-07-24,64.05248831937612,70.33071398350052,51.49603699112734,48.057489583333336,0.26471458333333686,2.6518302644765583,2.3791301533794114,0.272700111097147,52.636750736980275,87.83528817958947,42.79,46.26,,,,
2025-09-05,00001,50.1313,50.6133,48.5406,49.4565,23406006.0,2026-07-24,61.17023468685712,67.27722088461938,48.95626229133259,48.13289479166667,0.0754052083333363,2.5810023861333136,2.4195045999301916,0.16149778620312194,65.51970813362907,85.37653981289418,43.11,46.68,,,,
2025-09-12,00001,49.6493,50.999,49.0226,50.5651,25336067.0,2026-07-24,63.87516522528515,66.14320233150796,59.33909101283953,48.453465625,0.3205708333333277,2.5845326536862316,2.4525102106813996,0.132022443004832,100.0,92.10886024145691,43.43,47.08,,,,
2025-09-19,00001,50.7215,51.3567,49.2067,49.4021,31982289.0,2026-07-24,55.938263073061826,62.741555912025916,42.33167739513365,48.576809375,0.12334375000000364,2.4650702404734304,2.4550222166398057,0.010048023833624686,42.55371696715229,81.68188081295207,43.6,47.43,,,,
2025-09-26,00001,49.6465,49.7931,48.5128,48.5714,30619948.0,2026-07-24,43.05676481690398,56.1799588803186,16.810376690074733,48.61568125000001,0.03887187500000522,2.277115697466556,2.4194409128051557,-0.14232521533859988,2.8553330409783344,73.24008649157246,43.77,47.7,,,,
2025-10-03,00001,49.0601,50.7704,48.6105,50.0374,23703970.0,2026-07-24,49.77998415117195,54.04663397060305,41.246684512309756,48.766421875000006,0.1507406249999974,2.2208536971339186,2.379723469670908,-0.15886977253698964,100.0,85.26282513558631,43.97,47.96,,,,
2025-10-10,00001,49.8419,51.5522,49.0601,50.8681,22532939.0,2026-07-24,59.01741217105832,55.703560037421475,65.64511643833201,49.13219583333334,0.36577395833333526,2.2177315749686457,2.3473250907304557,-0.12959351576181,100.0,93.46913372914337,44.2,48.23,,,,
2025-10-17,00001,50.184,50.4283,48.9624,49.2556,33947499.0,2026-07-24,47.49128612066303,52.96613539850199,36.54158756498509,49.22153229166667,0.08933645833332804,2.0613796949249803,2.2901360115693605,-0.22875631664438023,28.574592487597464,77.53958924002488,44.4,48.45,,,,
2025-10-24,00001,49.3533,51.1124,49.3533,49.9885,24477491.0,2026-07-24,47.84497269968708,51.259081165563686,41.01675576793386,49.308512500000006,0.08698020833333686,1.9738552339799469,2.226879856051478,-0.2530246220715311,53.8437319620088,84.33212996389891,44.64,48.64,,,,
2025-10-31,00001,50.4283,51.4545,49.8419,50.3306,25842333.0,2026-07-24,51.83260073773965,51.45025435628901,52.597293500640916,49.40279062500001,0.09427812500000243,1.9100778901172575,2.1635194628646337,-0.2534415727473762,100.0,83.74801697604093,44.79,48.83,,,,
2025-11-07,00001,50.3306,51.6499,49.9397,51.3567,25331435.0,2026-07-24,64.77299666876262,55.891168460446885,82.53665308539406,49.827839583333336,0.4250489583333277,1.9201967473175188,2.114854919755211,-0.19465817243769212,100.0,97.3686619073768,45.01,49.03,,,,
2025-11-14,00001,51.6011,54.6307,51.3567,53.3113,38533375.0,2026-07-24,69.32658987777103,60.369642266221604,87.24048510086988,50.42337604166668,0.595536458333342,2.062164549997867,2.104316845803742,-0.042152295805875095,100.00000000000001,100.0,45.28,49.31,,,,
2025-11-21,00001,53.3113,53.6045,51.3079,52.2363,24486851.0,2026-07-24,66.5051890586874,62.41482453037687,74.6859181153085,50.779286458333345,0.3559104166666671,2.064137448963969,2.0962809664357875,-0.03214351747181876,68.11602799857627,86.23118796029456,45.51,49.6,,,,
2025-11-28,00001,52.8715,54.2397,52.7249,53.7022,35120690.0,2026-07-24,72.5291008240158,65.78624996158985,86.01480254886769,51.33186354166668,0.5525770833333326,2.159098125373724,2.1088443982233747,0.05025372715034937,100.0,100.0,45.78,49.93,,,,
2025-12-05,00001,53.9954,56.4387,53.7022,54.8261,36873230.0,2026-07-24,74.4962362390121,68.6895787207306,86.10955127557514,51.84353333333333,0.5116697916666553,2.298548249337223,2.1467851684461445,0.1517630808910786,100.00000000000001,100.0,46.11,50.31,,,,
2025-12-12,00001,54.7773,54.9238,52.5783,54.142,33907004.0,2026-07-24,72.7575771432149,70.04557819489203,78.18157503986063,52.334815625000005,0.49128229166667126,2.327037682649511,2.182835671286818,0.14420201136269295,69.565797668832,90.98326084091215,46.4,50.69,,,,
2025-12-19,00001,53.5556,53.8977,51.992,53.4579,31255805.0,2026-07-24,67.81518212009063,69.30211283662489,64.84132068702209,52.572605208333336,0.23778958333333122,2.268267436012138,2.199922024231882,0.068345411780256,51.72365124730973,80.74313863476432,46.64,51.03,,,,
2025-12-26,00001,53.4579,54.2397,52.8227,54.0443,9119795.0,2026-07-24,66.44465937119148,68.34962834814708,62.634721417280275,52.702404166666675,0.129798958333339,2.2431515170112064,2.208567922787747,0.03458359422345936,95.45581395348823,88.99648135116118,46.92,51.37,,,,
2026-01-02,00001,54.0443,54.0443,51.3567,52.7738,22975516.0,2026-07-24,58.83252205502114,65.17725958377177,46.14304699751986,52.70864062500001,0.006236458333333417,2.096560395092972,2.186166417248792,-0.08960602215582014,52.727340378032565,67.49243660209405,47.16,51.63,,,,
2026-01-09,00001,52.6761,55.8523,51.5033,55.8523,37289375.0,2026-07-24,68.74534239753417,66.36662052169258,73.50278614921737,53.18022500000001,0.47158437499999906,2.203395722420929,2.1896122782832195,0.013783444137709377,100.0,99.99999999999999,47.46,51.95,,,,
2026-01-16,00001,55.9011,59.7614,55.9011,59.1262,61103607.0,2026-07-24,76.65887911969834,69.7973733876945,90.38189058370602,54.082016666666675,0.9017916666666679,2.523154503405273,2.2563207233076303,0.2668337800976426,100.0,100.0,47.86,52.4,,,,
2026-01-23,00001,60.5921,61.5206,57.758,61.374,54053066.0,2026-07-24,83.95846617175835,74.51773764904912,102.83992321717679,55.452738541666676,1.370721875000001,2.9242355482972187,2.389903688305548,0.5343318599916707,100.0,100.0,48.37,53.0,,,,
2026-01-30,00001,62.3513,64.99,61.1297,61.8138,73199315.0,2026-07-24,81.53985495609687,76.85844341806505,90.90267803216054,56.64276458333334,1.1900260416666626,3.240231973231971,2.5599693452908325,0.6802626279411386,100.0,100.0,48.87,53.69,,,,
2026-02-06,00001,61.1785,64.257,59.2239,62.9376,63519225.0,2026-07-24,82.67513145865667,78.79733943159559,90.43071551277882,57.66689062500001,1.024126041666669,3.5405296625884546,2.756081408750357,0.7844482538380975,100.0,100.0,49.37,54.46,,,,
2026-02-13,00001,63.524,64.4036,60.8853,62.0581,37883542.0,2026-07-24,81.28161045456368,79.62542977258495,84.59397181852111,58.446130208333344,0.7792395833333359,3.6652981694906828,2.9379247608984222,0.7273734085922605,76.31741928534886,93.90286173811768,49.84,55.23,,,,
2026-02-20,00001,61.716,62.8888,61.4228,61.7649,14038167.0,2026-07-24,79.6357242834434,79.62886127620443,79.64945029792133,58.98459895833334,0.5384687499999998,3.6978923196905313,3.089918272656844,0.6079740470336872,68.42232813635982,91.81481248822159,50.27,55.96,,,,
2026-02-27,00001,62.449,63.4263,60.2501,62.9376,48516991.0,2026-07-24,81.40571101022101,80.22114452087662,83.7748439889098,59.44127708333334,0.45667812499999627,3.7748365419873906,3.2269019265229533,0.5479346154644373,100.0,99.99999999999999,50.75,56.68,,,,
2026-03-06,00001,62.3513,62.449,57.7091,60.1524,53128289.0,2026-07-24,75.64733664432603,78.69654189535976,69.54892614225858,59.468767708333345,0.027490625000005764,3.5699212000035914,3.295505781219081,0.2744154187845105,46.73041981447832,80.07041044135323,51.11,57.27,,,,
2026-03-13,00001,58.8819,59.2728,56.2921,56.9273,49303451.0,2026-07-24,54.19512284410032,70.52940221160661,21.52656410908773,59.021350000000005,-0.44741770833334016,3.1114191947455865,3.258688463924382,-0.14726926917879535,9.55834775411939,55.75554132343957,51.35,57.66,,,,
2026-03-20,00001,56.9273,60.9831,56.7807,58.9307,53134716.0,2026-07-24,46.242101272391444,62.433635231868216,13.859033353437908,58.71492604166668,-0.30642395833332614,2.87655159296515,3.1822610897325356,-0.3057094967673857,68.35220060617056,69.40293378742639,51.67,57.96,,,,
2026-03-27,00001,58.0512,59.3217,56.0966,57.8069,38989563.0,2026-07-24,37.23843925127142,54.03523657166929,3.644844610475701,58.51946979166667,-0.19545625000000655,2.5701094366646373,3.059830759118956,-0.48972132245431865,60.34720016936583,60.526700466998484,51.96,58.16,,,,
2026-04-03,00001,56.4387,60.4944,56.4387,59.3705,24774226.0,2026-07-24,37.96273944547263,48.67773752960374,16.5327432772104,58.8019625,0.2824927083333293,2.4254620556694846,2.932957018429062,-0.5074949627595773,100.0,69.32766967333636,52.3,58.33,,,,
2026-04-10,00001,60.8853,62.6445,59.9569,62.6445,26307491.0,2026-07-24,51.58312078757203,49.646198615593164,55.456965131529756,59.304364583333346,0.5024020833333438,2.5456675314633728,2.855499121035924,-0.3098315895725512,100.0,97.47972862584587,52.73,58.59,,,,
2026-04-17,00001,62.0581,63.524,61.2763,62.5956,31401303.0,2026-07-24,63.55552605556115,54.2826410955825,82.10129597551845,59.95843333333334,0.6540687499999933,2.606934299889197,2.8057861568065787,-0.19885185691738183,99.21202745818424,97.04686164287745,53.11,58.89,,,,
2026-04-24,00001,62.7422,63.8172,62.0092,63.7683,26803145.0,2026-07-24,75.49256054922895,61.35261424679798,103.77245315409091,60.77996458333334,0.8215312499999996,2.7187753942411845,2.7883840042935,-0.06960861005231544,100.0,100.0,53.47,59.26,,,,
2026-05-01,00001,63.524,64.4525,62.7422,63.5729,26718577.0,2026-07-24,80.1528091283446,67.61934587398018,105.21973563707346,61.170883333333336,0.3909187499999973,2.7598295234999597,2.7826731081347917,-0.022843584634832048,92.15890850722288,98.42566631215955,53.79,59.64,,,,
2026-05-08,00001,64.1104,71.8799,63.0842,71.6356,73451163.0,2026-07-24,86.2525932394958,73.83042832915204,111.09692306018329,62.902019791666675,1.7311364583333386,3.403721738463389,2.9068828342005113,0.4968389042628778,100.0,100.0,54.37,60.3,,,,
2026-05-15,00001,71.3424,72.6617,70.023,71.3912,36299361.0,2026-07-24,88.27848236237922,78.64644634022777,107.54255440668211,64.42293229166667,1.5209124999999943,3.8499105480391407,3.095488376968237,0.7544221710709036,97.2518946634583,98.79480642441158,54.94,61.11,,,,
2026-05-22,00001,72.0265,72.0265,68.9969,70.4139,43085467.0,2026-07-24,87.66249074584711,81.65179447543422,99.68388328667291,65.63486979166667,1.2119375000000048,4.0776537971593,3.29192146100645,0.7857323361528503,85.7134504291695,93.97551149224071,55.47,61.95,,,,
2026-05-29,00001,70.2673,70.7,67.25,70.45,42704711.0,2026-07-24,87.23062267027791,83.51140387371545,94.66906026340283,66.24774479166668,0.6128750000000025,4.212495900633392,3.476036348931838,0.7364595517015542,77.2722882256352,94.11095602588878,55.99,62.8,,,,
2026-06-05,00001,69.8,70.2,67.7,68.2,34948557.0,2026-07-24,79.78100743558063,82.26793839433718,74.80714551806753,66.55487708333334,0.30713229166666167,4.090648592521838,3.5989587976498383,0.4916897948719994,29.687500000000064,78.16517842956564,56.42,63.55,,,,
2026-06-12,00001,67.7,69.7,65.8,69.45,40691537.0,2026-07-24,77.11769354067842,80.55119010978426,70.25070040246672,67.099059375,0.5441822916666581,4.048282199072361,3.688823477934343,0.3594587211380178,78.49462365591401,85.93474483557505,56.93,64.24,,,,
2026-06-19,00001,69.85,70.65,68.4,69.45,30581386.0,2026-07-24,74.69521899035138,78.59919973663996,66.88725749777421,67.34093437500002,0.2418750000000216,3.96895488569659,3.7448497594867924,0.2241051262097975,100.0,85.93474483557505,57.49,64.88,,,,
2026-06-26,00001,68.85,69.45,66.05,67.25,35139660.0,2026-07-24,64.94475358467602,74.04771768598532,46.73882538205743,67.3721,0.031165624999985653,3.6860750260922472,3.7330948128078836,-0.047019786715636336,39.72602739726029,71.77681961516186,57.94,65.38,,,,
2026-07-03,00001,67.25,67.8,64.55,65.6,30973673.0,2026-07-24,52.052440787069294,66.71595871967997,22.72540492184794,66.97969583333334,-0.39240416666666533,3.290815021831385,3.644638854612584,-0.3538238327811989,21.428571428571345,61.15837569985196,58.36,65.73,,,,
2026-07-10,00001,66.0,70.6,63.6,70.0,35940891.0,2026-07-24,58.24393529397986,63.89195091111327,46.94790405971304,67.25089166666666,0.27119583333332287,3.294633365822662,3.5746377568545995,-0.2800043910319374,100.0,89.47422614067831,58.88,66.1,,,,
2026-07-17,00001,70.0,72.1,67.75,70.8,38970993.0,2026-07-24,67.06458431363363,64.94949537862006,71.29476218366077,67.89515833333334,0.644266666666681,3.3238969303078676,3.524489591545253,-0.20059266123738562,100.0,94.62256258446489,59.38,66.51,,,,
2026-07-24,00001,71.45,73.2,69.95,72.0,26649754.0,2026-07-24,73.87638954242242,67.92512676655417,85.77891509415889,68.80470625000001,0.9095479166666678,3.4046715528497487,3.500525983806152,-0.09585443095640356,100.0,100.0,59.88,66.96,,,,
