605599,sh605599,菜百股份
605598,sh605598,上海港湾
605589,sh605589,圣泉集团
605577,sh605577,龙版传媒
605567,sh605567,春雪食品
605566,sh605566,福莱蒽特
605555,sh605555,德昌股份
605507,sh605507,国邦医药
605500,sh605500,森林包装
605499,sh605499,东鹏饮料
605488,sh605488,福莱新材
605398,sh605398,新炬网络
605389,sh605389,长龄液压
605388,sh605388,均瑶健康
605378,sh605378,野马电池
605377,sh605377,华旺科技
605376,sh605376,博迁新材
605369,sh605369,拱东医疗
605368,sh605368,蓝天燃气
605365,sh605365,立达信
605339,sh605339,南侨食品
605338,sh605338,巴比食品
605337,sh605337,李子园
605333,sh605333,沪光股份
605319,sh605319,无锡振华
605305,sh605305,中际联合
605300,sh605300,佳禾食品
605299,sh605299,舒华体育
605298,sh605298,必得科技
605296,sh605296,神农集团
605289,sh605289,罗曼股份
605288,sh605288,凯迪股份
605277,sh605277,新亚电子
605268,sh605268,王力安防
605259,sh605259,绿田机械
605258,sh605258,协和电子
605255,sh605255,天普股份
605228,sh605228,神通科技
605222,sh605222,起帆电缆
605218,sh605218,伟时电子
605208,sh605208,永茂泰
605198,sh605198,安德利
605196,sh605196,华通线缆
605189,sh605189,富春染织
605186,sh605186,健麾信息
605183,sh605183,确成股份
605180,sh605180,华生科技
605179,sh605179,一鸣食品
605169,sh605169,洪通燃气
605168,sh605168,三人行
605167,sh605167,利柏特
605166,sh605166,聚合顺
605158,sh605158,华达新材
605155,sh605155,西大门
605138,sh605138,盛泰集团
605133,sh605133,嵘泰股份
605128,sh605128,上海沿浦
605123,sh605123,派克新材
605118,sh605118,力鼎光电
605117,sh605117,德业股份
605116,sh605116,奥锐特
605111,sh605111,新洁能
605108,sh605108,同庆楼
605100,sh605100,华丰股份
605099,sh605099,共创草坪
605090,sh605090,九丰能源
605089,sh605089,味知香
605088,sh605088,冠盛股份
605086,sh605086,龙高股份
605080,sh605080,浙江自然
605077,sh605077,华康股份
605069,sh605069,正和生态
605068,sh605068,明新旭腾
605066,sh605066,天正电气
605060,sh605060,联德股份
605058,sh605058,澳弘电子
605056,sh605056,咸亨国际
605050,sh605050,福然德
605033,sh605033,美邦股份
605020,sh605020,永和股份
605018,sh605018,长华集团
605016,sh605016,百龙创园
605009,sh605009,豪悦护理
605007,sh605007,五洲特纸
605006,sh605006,山东玻纤
605005,sh605005,合兴股份
605003,sh605003,众望布艺
605001,sh605001,威奥股份
603999,sh603999,读者传媒
603998,sh603998,方盛制药
603997,sh603997,继峰股份
603995,sh603995,甬金股份
603993,sh603993,洛阳钼业
603992,sh603992,松霖科技
603990,sh603990,麦迪科技
603989,sh603989,艾华集团
603988,sh603988,中电电机
603987,sh603987,康德莱
603986,sh603986,兆易创新
603985,sh603985,恒润股份
603983,sh603983,丸美生物
603979,sh603979,金诚信
603978,sh603978,深圳新星
603977,sh603977,国泰集团
603976,sh603976,正川股份
603970,sh603970,中农立华
603969,sh603969,银龙股份
603967,sh603967,中创物流
603966,sh603966,法兰泰克
603960,sh603960,克来机电
603958,sh603958,哈森股份
603955,sh603955,大千生态
603950,sh603950,长源东谷
603949,sh603949,雪龙集团
603948,sh603948,建业股份
603938,sh603938,三孚股份
603936,sh603936,博敏电子
603933,sh603933,睿能科技
603931,sh603931,格林达
603929,sh603929,亚翔集成
603928,sh603928,兴业股份
603926,sh603926,铁流股份
603922,sh603922,金鸿顺
603920,sh603920,世运电路
603919,sh603919,金徽酒
603917,sh603917,合力科技
603916,sh603916,苏博特
603915,sh603915,国茂股份
603908,sh603908,牧高笛
603903,sh603903,中持股份
603901,sh603901,永创智能
603900,sh603900,莱绅通灵
603899,sh603899,晨光股份
603898,sh603898,好莱客
603897,sh603897,XD长城科
603896,sh603896,寿仙谷
603895,sh603895,天永智能
603893,sh603893,瑞芯微
603890,sh603890,春秋电子
603889,sh603889,新澳股份
603888,sh603888,新华网
603887,sh603887,城地香江
603885,sh603885,吉祥航空
603881,sh603881,数据港
603878,sh603878,武进不锈
603877,sh603877,太平鸟
603876,sh603876,鼎胜新材
603871,sh603871,嘉友国际
603868,sh603868,飞科电器
603867,sh603867,新化股份
603866,sh603866,桃李面包
603861,sh603861,白云电器
603859,sh603859,能科科技
603858,sh603858,步长制药
603856,sh603856,东宏股份
603855,sh603855,华荣股份
603848,sh603848,好太太
603839,sh603839,安正时尚
603833,sh603833,欧派家居
603829,sh603829,洛凯股份
603826,sh603826,坤彩科技
603823,sh603823,百合花
603819,sh603819,神力股份
603817,sh603817,海峡环保
603816,sh603816,顾家家居
603811,sh603811,诚意药业
603810,sh603810,丰山集团
603809,sh603809,豪能股份
603808,sh603808,歌力思
603806,sh603806,福斯特
603801,sh603801,志邦家居
603799,sh603799,华友钴业
603798,sh603798,康普顿
603797,sh603797,联泰环保
603790,sh603790,雅运股份
603788,sh603788,宁波高发
603787,sh603787,新日股份
603786,sh603786,科博达
603779,sh603779,威龙股份
603777,sh603777,来伊份
603768,sh603768,常青股份
603767,sh603767,中马传动
603766,sh603766,隆鑫通用
603759,sh603759,海天股份
603758,sh603758,秦安股份
603757,sh603757,大元泵业
603755,sh603755,日辰股份
603739,sh603739,蔚蓝生物
603738,sh603738,泰晶科技
603737,sh603737,三棵树
603733,sh603733,仙鹤股份
603730,sh603730,岱美股份
603728,sh603728,鸣志电器
603726,sh603726,朗迪集团
603725,sh603725,天安新材
603718,sh603718,海利生物
603717,sh603717,天域生物
603713,sh603713,密尔克卫
603707,sh603707,健友股份
603706,sh603706,东方环宇
603703,sh603703,盛洋科技
603701,sh603701,德宏股份
603700,sh603700,宁水集团
603699,sh603699,纽威股份
603698,sh603698,航天工程
603697,sh603697,有友食品
603696,sh603696,安记食品
603693,sh603693,江苏新能
603690,sh603690,至纯科技
603689,sh603689,皖天然气
603688,sh603688,石英股份
603687,sh603687,大胜达
603686,sh603686,福龙马
603683,sh603683,晶华新材
603681,sh603681,永冠新材
603680,sh603680,今创集团
603678,sh603678,火炬电子
603677,sh603677,奇精机械
603676,sh603676,卫信康
603668,sh603668,天马科技
603667,sh603667,五洲新春
603666,sh603666,亿嘉和
603665,sh603665,康隆达
603663,sh603663,三祥新材
603662,sh603662,柯力传感
603661,sh603661,恒林股份
603659,sh603659,璞泰来
603658,sh603658,安图生物
603657,sh603657,春光科技
603656,sh603656,泰禾智能
603655,sh603655,朗博科技
603650,sh603650,彤程新材
603648,sh603648,畅联股份
603639,sh603639,海利尔
603638,sh603638,艾迪精密
603637,sh603637,XD镇海股
603633,sh603633,徕木股份
603630,sh603630,拉芳家化
603629,sh603629,利通电子
603628,sh603628,清源股份
603618,sh603618,杭电股份
603617,sh603617,君禾股份
603613,sh603613,国联股份
603612,sh603612,索通发展
603611,sh603611,诺力股份
603610,sh603610,麒盛科技
603609,sh603609,禾丰股份
603607,sh603607,京华激光
603606,sh603606,东方电缆
603605,sh603605,珀莱雅
603602,sh603602,纵横通信
603601,sh603601,再升科技
603600,sh603600,永艺股份
603599,sh603599,广信股份
603598,sh603598,引力传媒
603596,sh603596,伯特利
603595,sh603595,东尼电子
603590,sh603590,康辰药业
603589,sh603589,口子窖
603588,sh603588,高能环境
603587,sh603587,地素时尚
603586,sh603586,金麒麟
603585,sh603585,苏利股份
603583,sh603583,捷昌驱动
603579,sh603579,荣泰健康
603578,sh603578,三星新材
603577,sh603577,XD汇金通
603569,sh603569,长久物流
603568,sh603568,伟明环保
603567,sh603567,珍宝岛
603566,sh603566,普莱柯
603565,sh603565,中谷物流
603558,sh603558,健盛集团
603556,sh603556,海兴电力
603551,sh603551,奥普科技
603538,sh603538,美诺华
603535,sh603535,嘉诚国际
603530,sh603530,神马电力
603529,sh603529,爱玛科技
603528,sh603528,多伦科技
603527,sh603527,众源新材
603520,sh603520,司太立
603519,sh603519,立霸股份
603518,sh603518,锦泓集团
603517,sh603517,绝味食品
603515,sh603515,欧普照明
603511,sh603511,爱慕股份
603508,sh603508,思维列控
603507,sh603507,振江股份
603506,sh603506,南都物业
603505,sh603505,金石资源
603501,sh603501,韦尔股份
603500,sh603500,祥和实业
603499,sh603499,翔港科技
603489,sh603489,八方股份
603486,sh603486,科沃斯
603477,sh603477,巨星农牧
603466,sh603466,风语筑
603456,sh603456,九洲药业
603444,sh603444,吉比特
603439,sh603439,贵州三力
603429,sh603429,集友股份
603416,sh603416,信捷电气
603409,sh603409,汇通控股
603408,sh603408,建霖家居
603396,sh603396,金辰股份
603395,sh603395,红四方
603393,sh603393,新天然气
603391,sh603391,力聚热能
603390,sh603390,通达电气
603387,sh603387,基蛋生物
603386,sh603386,骏亚科技
603385,sh603385,惠达卫浴
603383,sh603383,顶点软件
603381,sh603381,永臻股份
603380,sh603380,易德龙
603379,sh603379,三美股份
603375,sh603375,盛景微
603373,sh603373,安邦护卫
603369,sh603369,今世缘
603368,sh603368,柳药集团
603367,sh603367,辰欣药业
603365,sh603365,水星家纺
603363,sh603363,傲农生物
603360,sh603360,百傲化学
603358,sh603358,华达科技
603355,sh603355,莱克电气
603351,sh603351,威尔药业
603350,sh603350,安乃达
603348,sh603348,文灿股份
603345,sh603345,安井食品
603344,sh603344,星德胜
603341,sh603341,龙旗科技
603339,sh603339,四方科技
603338,sh603338,浙江鼎力
603337,sh603337,杰克股份
603336,sh603336,宏辉果蔬
603332,sh603332,苏州龙杰
603331,sh603331,百达精工
603329,sh603329,上海雅仕
603328,sh603328,依顿电子
603327,sh603327,福蓉科技
603326,sh603326,我乐家居
603325,sh603325,博隆技术
603324,sh603324,盛剑科技
603322,sh603322,超讯通信
603320,sh603320,迪贝电气
603319,sh603319,美湖股份
603318,sh603318,水发燃气
603317,sh603317,天味食品
603316,sh603316,诚邦股份
603315,sh603315,福鞍股份
603313,sh603313,梦百合
603312,sh603312,西典新能
603311,sh603311,金海高科
603310,sh603310,巍华新材
603309,sh603309,维力医疗
603308,sh603308,应流股份
603307,sh603307,扬州金泉
603306,sh603306,华懋科技
603305,sh603305,旭升集团
603303,sh603303,得邦照明
603301,sh603301,振德医疗
603300,sh603300,海南华铁
603299,sh603299,苏盐井神
603298,sh603298,杭叉集团
603297,sh603297,永新光学
603296,sh603296,华勤技术
603291,sh603291,联合水务
603290,sh603290,斯达半导
603289,sh603289,泰瑞机器
603288,sh603288,海天味业
603285,sh603285,键邦股份
603283,sh603283,赛腾股份
603282,sh603282,亚光股份
603281,sh603281,江瀚新材
603280,sh603280,南方路机
603279,sh603279,景津装备
603278,sh603278,大业股份
603277,sh603277,银都股份
603276,sh603276,恒兴新材
603275,sh603275,众辰科技
603273,sh603273,天元智能
603272,sh603272,联翔股份
603271,sh603271,永杰新材
603270,sh603270,金帝股份
603269,sh603269,海鸥股份
603267,sh603267,鸿远电子
603266,sh603266,天龙股份
603260,sh603260,合盛硅业
603259,sh603259,药明康德
603258,sh603258,电魂网络
603256,sh603256,宏和科技
603239,sh603239,XD浙江仙
603238,sh603238,诺邦股份
603236,sh603236,移远通信
603235,sh603235,天新药业
603231,sh603231,索宝蛋白
603230,sh603230,内蒙新华
603229,sh603229,奥翔药业
603228,sh603228,景旺电子
603227,sh603227,雪峰科技
603225,sh603225,新凤鸣
603223,sh603223,恒通股份
603221,sh603221,爱丽家居
603220,sh603220,中贝通信
603219,sh603219,富佳股份
603218,sh603218,日月股份
603217,sh603217,元利科技
603216,sh603216,梦天家居
603215,sh603215,比依股份
603214,sh603214,XD爱婴室
603213,sh603213,镇洋发展
603211,sh603211,晋拓股份
603210,sh603210,泰鸿万立
603209,sh603209,兴通股份
603208,sh603208,江山欧派
603207,sh603207,小方制药
603206,sh603206,嘉环科技
603205,sh603205,健尔康
603203,sh603203,快克智能
603202,sh603202,天有为
603201,sh603201,常润股份
603200,sh603200,上海洗霸
603199,sh603199,九华旅游
603198,sh603198,迎驾贡酒
603197,sh603197,保隆科技
603196,sh603196,日播时尚
603195,sh603195,公牛集团
603194,sh603194,中力股份
603193,sh603193,润本股份
603192,sh603192,汇得科技
603191,sh603191,望变电气
603190,sh603190,亚通精工
603189,sh603189,网达软件
603188,sh603188,亚邦股份
603187,sh603187,海容冷链
603186,sh603186,华正新材
603182,sh603182,嘉华股份
603181,sh603181,皇马科技
603180,sh603180,金牌家居
603179,sh603179,新泉股份
603177,sh603177,德创环保
603173,sh603173,福斯达
603172,sh603172,万丰股份
603171,sh603171,税友股份
603170,sh603170,宝立食品
603169,sh603169,兰石重装
603168,sh603168,莎普爱思
603167,sh603167,渤海轮渡
603166,sh603166,福达股份
603165,sh603165,荣晟环保
603163,sh603163,圣晖集成
603162,sh603162,海通发展
603161,sh603161,科华控股
603160,sh603160,汇顶科技
603159,sh603159,上海亚虹
603158,sh603158,腾龙股份
603156,sh603156,养元饮品
603155,sh603155,新亚强
603151,sh603151,邦基科技
603150,sh603150,万朗磁塑
603136,sh603136,天目湖
603135,sh603135,中重科技
603132,sh603132,金徽股份
603131,sh603131,上海沪工
603130,sh603130,云中马
603129,sh603129,春风动力
603128,sh603128,华贸物流
603127,sh603127,昭衍新药
603125,sh603125,常青科技
603124,sh603124,江南新材
603121,sh603121,华培动力
603120,sh603120,肯特催化
603119,sh603119,浙江荣泰
603118,sh603118,共进股份
603117,sh603117,万林物流
603116,sh603116,红蜻蜓
603115,sh603115,海星股份
603112,sh603112,华翔股份
603111,sh603111,康尼机电
603110,sh603110,东方材料
603109,sh603109,神驰机电
603107,sh603107,上海汽配
603106,sh603106,恒银科技
603105,sh603105,芯能科技
603103,sh603103,横店影视
603102,sh603102,百合股份
603100,sh603100,川仪股份
603099,sh603099,长白山
603097,sh603097,江苏华辰
603096,sh603096,新经典
603095,sh603095,越剑智能
603093,sh603093,XD南华期
603091,sh603091,众鑫股份
603090,sh603090,宏盛股份
603089,sh603089,正裕工业
603088,sh603088,宁波精达
603087,sh603087,甘李药业
603086,sh603086,先达股份
603085,sh603085,天成自控
603083,sh603083,剑桥科技
603082,sh603082,北自科技
603081,sh603081,大丰实业
603080,sh603080,新疆火炬
603079,sh603079,圣达生物
603078,sh603078,江化微
603077,sh603077,和邦生物
603076,sh603076,乐惠国际
603075,sh603075,热威股份
603073,sh603073,彩蝶实业
603072,sh603072,天和磁材
603071,sh603071,物产环能
603070,sh603070,万控智造
603068,sh603068,博通集成
603067,sh603067,振华股份
603066,sh603066,音飞储存
603065,sh603065,宿迁联盛
603063,sh603063,禾望电气
603062,sh603062,麦加芯彩
603061,sh603061,金海通
603059,sh603059,倍加洁
603058,sh603058,永吉股份
603057,sh603057,紫燕食品
603055,sh603055,台华新材
603053,sh603053,成都燃气
603052,sh603052,可川科技
603051,sh603051,鹿山新材
603050,sh603050,科林电气
603049,sh603049,中策橡胶
603048,sh603048,浙江黎明
603043,sh603043,广州酒家
603041,sh603041,美思德
603040,sh603040,新坐标
603039,sh603039,泛微网络
603038,sh603038,华立股份
603037,sh603037,凯众股份
603036,sh603036,XD如通股
603035,sh603035,常熟汽饰
603033,sh603033,三维股份
603031,sh603031,安孚科技
603029,sh603029,天鹅股份
603027,sh603027,千禾味业
603025,sh603025,XD大豪科
603022,sh603022,新通联
603020,sh603020,爱普股份
603019,sh603019,XD中科曙
603016,sh603016,新宏泰
603015,sh603015,弘讯科技
603014,sh603014,C威高
603013,sh603013,亚普股份
603012,sh603012,创力集团
603011,sh603011,合锻智能
603010,sh603010,万盛股份
603009,sh603009,北特科技
603008,sh603008,喜临门
603006,sh603006,联明股份
603005,sh603005,晶方科技
603004,sh603004,鼎龙科技
603002,sh603002,宏昌电子
601999,sh601999,出版传媒
601998,sh601998,中信银行
601995,sh601995,中金公司
601990,sh601990,南京证券
601989,sh601989,中国重工
601988,sh601988,中国银行
601985,sh601985,中国核电
601975,sh601975,招商南油
601969,sh601969,海南矿业
601968,sh601968,宝钢包装
601966,sh601966,玲珑轮胎
601965,sh601965,中国汽研
601958,sh601958,金钼股份
601956,sh601956,东贝集团
601952,sh601952,苏垦农发
601939,sh601939,建设银行
601928,sh601928,凤凰传媒
601921,sh601921,浙版传媒
601919,sh601919,中远海控
601916,sh601916,浙商银行
601901,sh601901,方正证券
601900,sh601900,南方传媒
601899,sh601899,紫金矿业
601890,sh601890,亚星锚链
601888,sh601888,中国中免
601882,sh601882,海天精工
601881,sh601881,中国银河
601880,sh601880,辽港股份
601878,sh601878,浙商证券
601877,sh601877,正泰电器
601872,sh601872,招商轮船
601869,sh601869,长飞光纤
601866,sh601866,中远海发
601865,sh601865,福莱特
601858,sh601858,中国科传
601827,sh601827,三峰环境
601818,sh601818,光大银行
601816,sh601816,京沪高铁
601811,sh601811,新华文轩
601801,sh601801,皖新传媒
601799,sh601799,星宇股份
601798,sh601798,蓝科高新
601788,sh601788,光大证券
601777,sh601777,千里科技
601766,sh601766,中国中车
601728,sh601728,中国电信
601727,sh601727,上海电气
601718,sh601718,际华集团
601717,sh601717,郑煤机
601702,sh601702,华峰铝业
601698,sh601698,中国卫通
601696,sh601696,中银证券
601689,sh601689,拓普集团
601688,sh601688,华泰证券
601686,sh601686,友发集团
601678,sh601678,滨化股份
601677,sh601677,明泰铝业
601658,sh601658,邮储银行
601636,sh601636,旗滨集团
601633,sh601633,长城汽车
601628,sh601628,中国人寿
601619,sh601619,嘉泽新能
601618,sh601618,中国中冶
601616,sh601616,广电电气
601615,sh601615,明阳智能
601609,sh601609,金田股份
601608,sh601608,中信重工
601607,sh601607,上海医药
601601,sh601601,中国太保
601600,sh601600,中国铝业
601599,sh601599,浙文影业
601598,sh601598,中国外运
601595,sh601595,上海电影
601579,sh601579,会稽山
601568,sh601568,北元集团
601567,sh601567,三星医疗
601566,sh601566,九牧王
601555,sh601555,东吴证券
601519,sh601519,大智慧
601518,sh601518,吉林高速
601512,sh601512,中新集团
601500,sh601500,通用股份
601456,sh601456,国联民生
601399,sh601399,国机重装
601398,sh601398,工商银行
601388,sh601388,怡球资源
601377,sh601377,兴业证券
601375,sh601375,中原证券
601369,sh601369,陕鼓动力
601368,sh601368,绿城水务
601366,sh601366,利群股份
601339,sh601339,百隆东方
601336,sh601336,新华保险
601333,sh601333,广深铁路
601330,sh601330,绿色动力
601328,sh601328,交通银行
601326,sh601326,秦港股份
601319,sh601319,中国人保
601318,sh601318,中国平安
601311,sh601311,骆驼股份
601298,sh601298,青岛港
601288,sh601288,农业银行
601236,sh601236,红塔证券
601233,sh601233,桐昆股份
601231,sh601231,环旭电子
601228,sh601228,广州港
601222,sh601222,林洋能源
601218,sh601218,吉鑫科技
601216,sh601216,君正集团
601211,sh601211,国泰海通
601208,sh601208,东材科技
601200,sh601200,上海环境
601199,sh601199,江南水务
601198,sh601198,东兴证券
601188,sh601188,龙江交通
601179,sh601179,中国西电
601177,sh601177,杭齿前进
601168,sh601168,西部矿业
601166,sh601166,兴业银行
601163,sh601163,三角轮胎
601162,sh601162,天风证券
601158,sh601158,重庆水务
601156,sh601156,东航物流
601139,sh601139,深圳燃气
601138,sh601138,工业富联
601137,sh601137,博威合金
601136,sh601136,首创证券
601133,sh601133,柏诚股份
601127,sh601127,赛力斯
601126,sh601126,四方股份
601121,sh601121,宝地矿业
601117,sh601117,中国化学
601113,sh601113,华鼎股份
601108,sh601108,财通证券
601107,sh601107,四川成渝
601100,sh601100,恒立液压
601099,sh601099,太平洋
601098,sh601098,中南传媒
601089,sh601089,福元医药
601083,sh601083,锦江航运
601069,sh601069,西部黄金
601068,sh601068,中铝国际
601066,sh601066,中信建投
601065,sh601065,江盐集团
601061,sh601061,中信金属
601059,sh601059,信达证券
601058,sh601058,赛轮轮胎
601038,sh601038,一拖股份
601033,sh601033,永兴股份
601028,sh601028,玉龙股份
601022,sh601022,宁波远洋
601021,sh601021,春秋航空
601020,sh601020,华钰矿业
601019,sh601019,山东出版
601018,sh601018,宁波港
601016,sh601016,节能风电
601008,sh601008,连云港
601007,sh601007,金陵饭店
601006,sh601006,大秦铁路
601003,sh601003,柳钢股份
601002,sh601002,晋亿实业
601000,sh601000,唐山港
600999,sh600999,招商证券
600998,sh600998,九州通
600995,sh600995,南网储能
600993,sh600993,马应龙
600988,sh600988,赤峰黄金
600987,sh600987,XD航民股
600986,sh600986,浙文互联
600983,sh600983,惠而浦
600980,sh600980,北矿科技
600979,sh600979,广安爱众
600976,sh600976,健民集团
600975,sh600975,新五丰
600973,sh600973,宝胜股份
600970,sh600970,中材国际
600969,sh600969,郴电国际
600967,sh600967,内蒙一机
600966,sh600966,博汇纸业
600965,sh600965,福成股份
600963,sh600963,岳阳林纸
600962,sh600962,国投中鲁
600961,sh600961,株冶集团
600960,sh600960,渤海汽车
600959,sh600959,江苏有线
600958,sh600958,东方证券
600956,sh600956,新天绿能
600941,sh600941,中国移动
600933,sh600933,爱柯迪
600929,sh600929,雪天盐业
600918,sh600918,中泰证券
600916,sh600916,中国黄金
600909,sh600909,华安证券
600906,sh600906,财达证券
600905,sh600905,三峡能源
600903,sh600903,贵州燃气
600901,sh600901,江苏金租
600900,sh600900,长江电力
600897,sh600897,厦门空港
600895,sh600895,张江高科
600893,sh600893,航发动力
600888,sh600888,新疆众和
600887,sh600887,伊利股份
600886,sh600886,国投电力
600885,sh600885,宏发股份
600884,sh600884,杉杉股份
600883,sh600883,博闻科技
600882,sh600882,妙可蓝多
600879,sh600879,航天电子
600877,sh600877,电科芯片
600875,sh600875,东方电气
600874,sh600874,创业环保
600873,sh600873,XD梅花生
600872,sh600872,中炬高新
600869,sh600869,远东股份
600867,sh600867,通化东宝
600866,sh600866,星湖科技
600864,sh600864,哈投股份
600862,sh600862,中航高科
600858,sh600858,银座股份
600854,sh600854,春兰股份
600851,sh600851,海欣股份
600850,sh600850,电科数字
600848,sh600848,上海临港
600845,sh600845,宝信软件
600839,sh600839,四川长虹
600838,sh600838,上海九百
600834,sh600834,申通地铁
600830,sh600830,香溢融通
600829,sh600829,人民同泰
600827,sh600827,百联股份
600825,sh600825,新华传媒
600824,sh600824,益民集团
600822,sh600822,上海物贸
600821,sh600821,金开新能
600819,sh600819,耀皮玻璃
600817,sh600817,宇通重工
600816,sh600816,建元信托
600815,sh600815,厦工股份
600812,sh600812,华北制药
600809,sh600809,山西汾酒
600805,sh600805,悦达投资
600803,sh600803,新奥股份
600796,sh600796,钱江生化
600794,sh600794,保税科技
600793,sh600793,宜宾纸业
600789,sh600789,鲁抗医药
600787,sh600787,中储股份
600785,sh600785,新华百货
600784,sh600784,鲁银投资
600782,sh600782,新钢股份
600779,sh600779,水井坊
600778,sh600778,友好集团
600771,sh600771,广誉远
600769,sh600769,祥龙电业
600768,sh600768,宁波富邦
600765,sh600765,中航重机
600764,sh600764,中国海防
600763,sh600763,通策医疗
600761,sh600761,安徽合力
600760,sh600760,中航沈飞
600757,sh600757,长江传媒
600755,sh600755,厦门国贸
600754,sh600754,锦江酒店
600751,sh600751,海航科技
600750,sh600750,江中药业
600746,sh600746,江苏索普
600745,sh600745,闻泰科技
600742,sh600742,一汽富维
600741,sh600741,华域汽车
600739,sh600739,辽宁成大
600737,sh600737,中粮糖业
600735,sh600735,新华锦
600731,sh600731,湖南海利
600729,sh600729,重庆百货
600728,sh600728,佳都科技
600727,sh600727,鲁北化工
600724,sh600724,宁波富达
600721,sh600721,百花医药
600717,sh600717,天津港
600715,sh600715,文投控股
600714,sh600714,金瑞矿业
600713,sh600713,南京医药
600710,sh600710,苏美达
600707,sh600707,彩虹股份
600705,sh600705,中航产融
600704,sh600704,物产中大
600703,sh600703,三安光电
600702,sh600702,XD舍得酒
600699,sh600699,均胜电子
600698,sh600698,湖南天雁
600697,sh600697,欧亚集团
600694,sh600694,大商股份
600690,sh600690,海尔智家
600689,sh600689,上海三毛
600686,sh600686,金龙汽车
600685,sh600685,中船防务
600682,sh600682,南京新百
600681,sh600681,百川能源
600679,sh600679,上海凤凰
600674,sh600674,川投能源
600673,sh600673,东阳光
600671,sh600671,天目药业
600667,sh600667,太极实业
600664,sh600664,哈药股份
600663,sh600663,陆家嘴
600660,sh600660,福耀玻璃
600654,sh600654,中安科
600651,sh600651,飞乐音响
600650,sh600650,锦江在线
600648,sh600648,外高桥
600645,sh600645,中源协和
600643,sh600643,爱建集团
600640,sh600640,国脉文化
600639,sh600639,浦东金桥
600637,sh600637,东方明珠
600635,sh600635,大众公用
600633,sh600633,浙数文化
600630,sh600630,龙头股份
600621,sh600621,华鑫股份
600620,sh600620,天宸股份
600619,sh600619,海立股份
600618,sh600618,氯碱化工
600617,sh600617,国新能源
600616,sh600616,金枫酒业
600615,sh600615,丰华股份
600613,sh600613,神奇制药
600612,sh600612,老凤祥
600610,sh600610,中毅达
600609,sh600609,金杯汽车
600602,sh600602,云赛智联
600601,sh600601,方正科技
600600,sh600600,青岛啤酒
600598,sh600598,XD北大荒
600597,sh600597,光明乳业
600596,sh600596,新安股份
600595,sh600595,中孚实业
600592,sh600592,龙溪股份
600590,sh600590,泰豪科技
600589,sh600589,大位科技
600587,sh600587,新华医疗
600586,sh600586,金晶科技
600584,sh600584,长电科技
600582,sh600582,天地科技
600580,sh600580,卧龙电驱
600577,sh600577,精达股份
600576,sh600576,祥源文旅
600573,sh600573,惠泉啤酒
600572,sh600572,康恩贝
600570,sh600570,恒生电子
600569,sh600569,安阳钢铁
600567,sh600567,山鹰国际
600566,sh600566,济川药业
600563,sh600563,法拉电子
600562,sh600562,国睿科技
600560,sh600560,金自天正
600559,sh600559,老白干酒
600558,sh600558,大西洋
600557,sh600557,康缘药业
600556,sh600556,天下秀
600552,sh600552,凯盛科技
600551,sh600551,时代出版
600550,sh600550,保变电气
600549,sh600549,厦门钨业
600548,sh600548,深高速
600547,sh600547,山东黄金
600540,sh600540,新赛股份
600539,sh600539,狮头股份
600538,sh600538,国发股份
600535,sh600535,天士力
600531,sh600531,豫光金铅
600529,sh600529,山东药玻
600528,sh600528,中铁工业
600527,sh600527,江南高纤
600526,sh600526,菲达环保
600523,sh600523,贵航股份
600522,sh600522,中天科技
600521,sh600521,华海药业
600519,sh600519,贵州茅台
600518,sh600518,康美药业
600517,sh600517,国网英大
600516,sh600516,方大炭素
600515,sh600515,海南机场
600513,sh600513,联环药业
600511,sh600511,国药股份
600507,sh600507,方大特钢
600506,sh600506,统一股份
600505,sh600505,西昌电力
600499,sh600499,科达制造
600498,sh600498,烽火通信
600497,sh600497,驰宏锌锗
600495,sh600495,晋西车轴
600493,sh600493,凤竹纺织
600490,sh600490,鹏欣资源
600489,sh600489,中金黄金
600488,sh600488,津药药业
600487,sh600487,亨通光电
600486,sh600486,扬农化工
600482,sh600482,中国动力
600480,sh600480,凌云股份
600479,sh600479,千金药业
600478,sh600478,科力远
600476,sh600476,湘邮科技
600475,sh600475,华光环能
600469,sh600469,XD风神股
600468,sh600468,百利电气
600467,sh600467,好当家
600463,sh600463,空港股份
600461,sh600461,洪城环境
600460,sh600460,士兰微
600459,sh600459,贵研铂业
600458,sh600458,时代新材
600456,sh600456,宝钛股份
600452,sh600452,涪陵电力
600448,sh600448,华纺股份
600444,sh600444,国机通用
600439,sh600439,瑞贝卡
600436,sh600436,片仔癀
600433,sh600433,冠豪高新
600429,sh600429,三元股份
600428,sh600428,中远海特
600423,sh600423,柳化股份
600422,sh600422,昆药集团
600420,sh600420,国药现代
600416,sh600416,湘电股份
600410,sh600410,华胜天成
600406,sh600406,国电南瑞
600398,sh600398,海澜之家
600392,sh600392,盛和资源
600391,sh600391,航发科技
600390,sh600390,五矿资本
600389,sh600389,江山股份
600388,sh600388,龙净环保
600382,sh600382,广东明珠
600380,sh600380,健康元
600379,sh600379,宝光股份
600378,sh600378,昊华科技
600377,sh600377,宁沪高速
600375,sh600375,汉马科技
600373,sh600373,中文传媒
600372,sh600372,中航机载
600371,sh600371,万向德农
600369,sh600369,西南证券
600368,sh600368,五洲交通
600367,sh600367,红星发展
600366,sh600366,宁波韵升
600363,sh600363,联创光电
600362,sh600362,江西铜业
600361,sh600361,创新新材
600359,sh600359,新农开发
600356,sh600356,恒丰纸业
600354,sh600354,敦煌种业
600353,sh600353,旭光电子
600352,sh600352,浙江龙盛
600351,sh600351,亚宝药业
600350,sh600350,山东高速
600338,sh600338,西藏珠峰
600337,sh600337,美克家居
600336,sh600336,澳柯玛
600335,sh600335,国机汽车
600332,sh600332,白云山
600330,sh600330,天通股份
600329,sh600329,达仁堂
600328,sh600328,中盐化工
600327,sh600327,大东方
600323,sh600323,瀚蓝环境
600320,sh600320,振华重工
600318,sh600318,新力金融
600315,sh600315,上海家化
600313,sh600313,农发种业
600312,sh600312,平高电气
600309,sh600309,万华化学
600308,sh600308,华泰股份
600305,sh600305,恒顺醋业
600301,sh600301,华锡有色
600300,sh600300,维维股份
600299,sh600299,安迪苏
600298,sh600298,安琪酵母
600295,sh600295,鄂尔多斯
600293,sh600293,三峡新材
600292,sh600292,远达环保
600285,sh600285,羚锐制药
600283,sh600283,钱江水利
600282,sh600282,南钢股份
600281,sh600281,华阳新材
600278,sh600278,东方创业
600276,sh600276,XD恒瑞医
600273,sh600273,嘉化能源
600272,sh600272,开开实业
600269,sh600269,赣粤高速
600268,sh600268,国电南自
600267,sh600267,海正药业
600262,sh600262,北方股份
600261,sh600261,阳光照明
600259,sh600259,广晟有色
600258,sh600258,首旅酒店
600255,sh600255,鑫科材料
600252,sh600252,中恒集团
600251,sh600251,冠农股份
600250,sh600250,南京商旅
600241,sh600241,时代万恒
600237,sh600237,铜峰电子
600236,sh600236,桂冠电力
600235,sh600235,民丰特纸
600233,sh600233,圆通速递
600230,sh600230,沧州大化
600229,sh600229,城市传媒
600223,sh600223,福瑞达
600222,sh600222,太龙药业
600221,sh600221,海航控股
600219,sh600219,南山铝业
600216,sh600216,浙江医药
600211,sh600211,西藏药业
600210,sh600210,紫江企业
600206,sh600206,有研新材
600201,sh600201,生物股份
600197,sh600197,伊力特
600196,sh600196,复星医药
600195,sh600195,中牧股份
600191,sh600191,华资实业
600189,sh600189,泉阳泉
600186,sh600186,莲花控股
600184,sh600184,光电股份
600183,sh600183,XD生益科
600182,sh600182,S佳通
600180,sh600180,瑞茂通
600179,sh600179,安通控股
600178,sh600178,东安动力
600177,sh600177,雅戈尔
600176,sh600176,中国巨石
600171,sh600171,上海贝岭
600169,sh600169,太原重工
600168,sh600168,武汉控股
600166,sh600166,福田汽车
600163,sh600163,中闽能源
600161,sh600161,天坛生物
600160,sh600160,巨化股份
600153,sh600153,建发股份
600150,sh600150,中国船舶
600148,sh600148,长春一东
600143,sh600143,金发科技
600141,sh600141,兴发集团
600137,sh600137,浪莎股份
600132,sh600132,重庆啤酒
600131,sh600131,国网信通
600129,sh600129,太极集团
600128,sh600128,苏豪弘业
600127,sh600127,金健米业
600125,sh600125,铁龙物流
600120,sh600120,浙江东方
600114,sh600114,东睦股份
600111,sh600111,北方稀土
600109,sh600109,国金证券
600108,sh600108,亚盛集团
600106,sh600106,重庆路桥
600105,sh600105,永鼎股份
600104,sh600104,上汽集团
600103,sh600103,青山纸业
600101,sh600101,明星电力
600099,sh600099,林海股份
600097,sh600097,开创国际
600096,sh600096,云天化
600095,sh600095,湘财股份
600089,sh600089,特变电工
600085,sh600085,同仁堂
600084,sh600084,中信尼雅
600081,sh600081,东风科技
600080,sh600080,金花股份
600079,sh600079,人福医药
600073,sh600073,光明肉业
600071,sh600071,凤凰光学
600067,sh600067,冠城新材
600066,sh600066,宇通客车
600064,sh600064,南京高科
600063,sh600063,皖维高新
600062,sh600062,华润双鹤
600061,sh600061,国投资本
600060,sh600060,海信视像
600059,sh600059,古越龙山
600058,sh600058,五矿发展
600057,sh600057,厦门象屿
600056,sh600056,中国医药
600055,sh600055,万东医疗
600054,sh600054,黄山旅游
600051,sh600051,宁波联合
600050,sh600050,中国联通
600038,sh600038,中直股份
600037,sh600037,歌华有线
600036,sh600036,招商银行
600035,sh600035,楚天高速
600033,sh600033,福建高速
600032,sh600032,浙江新能
600031,sh600031,三一重工
600030,sh600030,中信证券
600026,sh600026,中远海能
600025,sh600025,华能水电
600020,sh600020,中原高速
600019,sh600019,宝钢股份
600018,sh600018,上港集团
600017,sh600017,日照港
600016,sh600016,民生银行
600015,sh600015,华夏银行
600012,sh600012,皖通高速
600010,sh600010,包钢股份
600009,sh600009,上海机场
600008,sh600008,首创环保
600007,sh600007,中国国贸
600006,sh600006,东风股份
600004,sh600004,白云机场
600000,sh600000,浦发银行
302132,sz302132,中航成飞
301665,sz301665,泰禾股份
301662,sz301662,宏工科技
301658,sz301658,首航新能
301636,sz301636,泽润新能
301631,sz301631,壹连科技
301629,sz301629,矽电股份
301628,sz301628,强达电路
301626,sz301626,苏州天脉
301622,sz301622,英思特
301618,sz301618,长联科技
301617,sz301617,博苑股份
301616,sz301616,浙江华业
301613,sz301613,新铝时代
301611,sz301611,珂玛科技
301608,sz301608,博实结
301607,sz301607,富特科技
301606,sz301606,绿联科技
301603,sz301603,乔锋智能
301602,sz301602,超研股份
301601,sz301601,惠通科技
301600,sz301600,慧翰股份
301598,sz301598,博科测试
301596,sz301596,瑞迪智驱
301595,sz301595,C太力
301591,sz301591,肯特股份
301590,sz301590,优优绿能
301589,sz301589,诺瓦星云
301588,sz301588,美新科技
301587,sz301587,中瑞股份
301586,sz301586,佳力奇
301585,sz301585,蓝宇股份
301581,sz301581,黄山谷捷
301580,sz301580,爱迪特
301578,sz301578,辰奕智能
301577,sz301577,美信科技
301571,sz301571,国科天成
301568,sz301568,思泰克
301567,sz301567,贝隆精密
301566,sz301566,达利凯普
301565,sz301565,中仑新材
301560,sz301560,众捷汽车
301559,sz301559,中集环科
301558,sz301558,三态股份
301557,sz301557,常友科技
301556,sz301556,托普云农
301555,sz301555,惠柏新材
301552,sz301552,科力装备
301551,sz301551,无线传媒
301550,sz301550,斯菱股份
301548,sz301548,崇德科技
301539,sz301539,宏鑫科技
301538,sz301538,骏鼎达
301536,sz301536,星宸科技
301535,sz301535,浙江华远
301533,sz301533,威马农机
301529,sz301529,福赛科技
301528,sz301528,多浦乐
301526,sz301526,国际复材
301525,sz301525,儒竞科技
301522,sz301522,上大股份
301520,sz301520,万邦医药
301518,sz301518,长华化学
301515,sz301515,港通医疗
301511,sz301511,德福科技
301510,sz301510,固高科技
301509,sz301509,金凯生科
301508,sz301508,中机认检
301507,sz301507,民生健康
301503,sz301503,智迪科技
301502,sz301502,华阳智能
301501,sz301501,恒鑫生活
301500,sz301500,飞南资源
301499,sz301499,维科精密
301498,sz301498,乖宝宠物
301489,sz301489,思泉新材
301488,sz301488,豪恩汽电
301486,sz301486,致尚科技
301479,sz301479,弘景光电
301469,sz301469,恒达新材
301468,sz301468,博盈特焊
301459,sz301459,丰茂股份
301458,sz301458,钧崴电子
301456,sz301456,盘古智能
301448,sz301448,开创电气
301446,sz301446,福事特
301439,sz301439,泓淋电力
301429,sz301429,森泰股份
301428,sz301428,世纪恒通
301421,sz301421,波长光电
301419,sz301419,阿莱德
301418,sz301418,协昌科技
301413,sz301413,安培龙
301408,sz301408,华人健康
301399,sz301399,英特科技
301398,sz301398,星源卓镁
301397,sz301397,溯联股份
301396,sz301396,宏景科技
301395,sz301395,仁信新材
301393,sz301393,昊帆生物
301392,sz301392,汇成真空
301391,sz301391,卡莱特
301390,sz301390,经纬股份
301389,sz301389,隆扬电子
301388,sz301388,欣灵电气
301387,sz301387,光大同创
301386,sz301386,未来电器
301383,sz301383,天键股份
301382,sz301382,蜂助手
301381,sz301381,赛维时代
301380,sz301380,挖金客
301379,sz301379,天山电子
301377,sz301377,鼎泰高科
301376,sz301376,致欧科技
301373,sz301373,凌玮科技
301372,sz301372,科净源
301371,sz301371,敷尔佳
301368,sz301368,丰立智能
301367,sz301367,瑞迈特
301363,sz301363,美好医疗
301362,sz301362,民爆光电
301361,sz301361,众智科技
301359,sz301359,东南电子
301358,sz301358,湖南裕能
301356,sz301356,天振股份
301355,sz301355,南王科技
301353,sz301353,普莱得
301349,sz301349,信德新材
301345,sz301345,涛涛车业
301339,sz301339,通行宝
301338,sz301338,凯格精机
301336,sz301336,趣睡科技
301335,sz301335,天元宠物
301333,sz301333,诺思格
301332,sz301332,德尔玛
301331,sz301331,恩威医药
301330,sz301330,熵基科技
301329,sz301329,信音电子
301328,sz301328,维峰电子
301327,sz301327,华宝新能
301325,sz301325,曼恩斯特
301323,sz301323,新莱福
301322,sz301322,绿通科技
301320,sz301320,豪江智能
301319,sz301319,唯特偶
301318,sz301318,维海德
301317,sz301317,鑫磊股份
301315,sz301315,威士顿
301314,sz301314,科瑞思
301312,sz301312,智立方
301310,sz301310,鑫宏业
301309,sz301309,万得凯
301305,sz301305,朗坤科技
301303,sz301303,真兰仪表
301301,sz301301,川宁生物
301300,sz301300,远翔新材
301299,sz301299,卓创资讯
301298,sz301298,东利机械
301297,sz301297,富乐德
301296,sz301296,新巨丰
301295,sz301295,美硕科技
301293,sz301293,三博脑科
301291,sz301291,明阳电气
301290,sz301290,东星医疗
301289,sz301289,国缆检测
301287,sz301287,康力源
301286,sz301286,侨源股份
301283,sz301283,聚胶股份
301282,sz301282,金禄电子
301281,sz301281,科源制药
301280,sz301280,珠城科技
301279,sz301279,金道科技
301278,sz301278,快可电子
301277,sz301277,新天地
301276,sz301276,嘉曼服饰
301275,sz301275,汉朔科技
301270,sz301270,汉仪股份
301269,sz301269,华大九天
301267,sz301267,华厦眼科
301266,sz301266,宇邦新材
301265,sz301265,华新环保
301263,sz301263,泰恩康
301262,sz301262,海看股份
301261,sz301261,恒工精密
301260,sz301260,格力博
301259,sz301259,艾布鲁
301258,sz301258,富士莱
301257,sz301257,普蕊斯
301256,sz301256,华融化学
301255,sz301255,通力科技
301252,sz301252,同星科技
301251,sz301251,威尔高
301248,sz301248,杰创智能
301246,sz301246,宏源药业
301239,sz301239,普瑞眼科
301238,sz301238,瑞泰新材
301234,sz301234,五洲医疗
301233,sz301233,盛帮股份
301231,sz301231,荣信文化
301230,sz301230,泓博医药
301229,sz301229,纽泰格
301226,sz301226,祥明智能
301225,sz301225,恒勃股份
301223,sz301223,中荣股份
301222,sz301222,浙江恒威
301221,sz301221,光庭信息
301220,sz301220,亚香股份
301219,sz301219,腾远钴业
301217,sz301217,铜冠铜箔
301216,sz301216,万凯新材
301215,sz301215,中汽股份
301213,sz301213,观想科技
301212,sz301212,联盛化学
301211,sz301211,亨迪药业
301210,sz301210,金杨股份
301209,sz301209,联合化学
301208,sz301208,中亦科技
301207,sz301207,华兰疫苗
301206,sz301206,三元生物
301205,sz301205,联特科技
301203,sz301203,国泰环保
301202,sz301202,朗威股份
301200,sz301200,大族数控
301199,sz301199,迈赫股份
301197,sz301197,工大科雅
301196,sz301196,唯科科技
301195,sz301195,北路智控
301191,sz301191,菲菱科思
301190,sz301190,善水科技
301188,sz301188,力诺药包
301187,sz301187,欧圣电气
301186,sz301186,超达装备
301185,sz301185,鸥玛软件
301183,sz301183,东田微
301181,sz301181,标榜股份
301180,sz301180,万祥科技
301179,sz301179,泽宇智能
301178,sz301178,天亿马
301177,sz301177,迪阿股份
301175,sz301175,中科环保
301173,sz301173,毓恬冠佳
301172,sz301172,君逸数码
301171,sz301171,易点天下
301170,sz301170,锡南科技
301168,sz301168,通灵股份
301165,sz301165,锐捷网络
301163,sz301163,宏德股份
301162,sz301162,国能日新
301161,sz301161,唯万密封
301160,sz301160,翔楼新材
301158,sz301158,德石股份
301157,sz301157,华塑科技
301156,sz301156,美农生物
301155,sz301155,海力风电
301151,sz301151,冠龙节能
301149,sz301149,隆华新材
301148,sz301148,嘉戎技术
301141,sz301141,中科磁业
301139,sz301139,元道通信
301138,sz301138,华研精机
301137,sz301137,哈焊华通
301135,sz301135,瑞德智能
301133,sz301133,金钟股份
301132,sz301132,满坤科技
301131,sz301131,聚赛龙
301130,sz301130,西点药业
301128,sz301128,强瑞技术
301127,sz301127,武汉天源
301126,sz301126,达嘉维康
301122,sz301122,采纳股份
301120,sz301120,新特电气
301119,sz301119,正强股份
301118,sz301118,恒光股份
301115,sz301115,联检科技
301112,sz301112,信邦智能
301110,sz301110,青木科技
301109,sz301109,军信股份
301108,sz301108,洁雅股份
301107,sz301107,瑜欣电子
301106,sz301106,骏成科技
301105,sz301105,鸿铭股份
301103,sz301103,何氏眼科
301102,sz301102,兆讯传媒
301101,sz301101,明月镜片
301099,sz301099,雅创电子
301098,sz301098,金埔园林
301097,sz301097,天益医疗
301093,sz301093,华兰股份
301092,sz301092,争光股份
301088,sz301088,戎美股份
301087,sz301087,可孚医疗
301086,sz301086,鸿富瀚
301085,sz301085,亚康股份
301083,sz301083,百胜智能
301081,sz301081,严牌股份
301080,sz301080,百普赛斯
301079,sz301079,邵阳液压
301078,sz301078,孩子王
301077,sz301077,星华新材
301076,sz301076,新瀚新材
301073,sz301073,君亭酒店
301071,sz301071,力量钻石
301069,sz301069,凯盛新材
301068,sz301068,大地海洋
301067,sz301067,显盈科技
301066,sz301066,万事利
301065,sz301065,本立科技
301063,sz301063,海锅股份
301061,sz301061,匠心家居
301059,sz301059,金三江
301057,sz301057,汇隆新材
301055,sz301055,张小泉
301053,sz301053,远信工业
301050,sz301050,雷电微力
301048,sz301048,金鹰重工
301047,sz301047,义翘神州
301046,sz301046,能辉科技
301045,sz301045,天禄科技
301043,sz301043,绿岛风
301042,sz301042,安联锐视
301039,sz301039,中集车辆
301036,sz301036,双乐股份
301035,sz301035,润丰股份
301033,sz301033,迈普医学
301031,sz301031,中熔电气
301030,sz301030,仕净科技
301029,sz301029,怡合达
301028,sz301028,东亚机械
301026,sz301026,浩通科技
301025,sz301025,读客文化
301023,sz301023,江南奕帆
301022,sz301022,海泰科
301020,sz301020,密封科技
301019,sz301019,宁波色母
301018,sz301018,申菱环境
301016,sz301016,雷尔伟
301015,sz301015,百洋医药
301012,sz301012,扬电科技
301011,sz301011,华立科技
301010,sz301010,晶雪节能
301009,sz301009,可靠股份
301008,sz301008,宏昌科技
301007,sz301007,德迈仕
301006,sz301006,迈拓股份
301005,sz301005,超捷股份
301004,sz301004,嘉益股份
301003,sz301003,江苏博云
301001,sz301001,凯淳股份
301000,sz301000,肇民科技
300999,sz300999,金龙鱼
300998,sz300998,宁波方正
300997,sz300997,欢乐家
300995,sz300995,奇德新材
300994,sz300994,久祺股份
300993,sz300993,玉马科技
300992,sz300992,泰福泵业
300991,sz300991,创益通
300990,sz300990,同飞股份
300988,sz300988,津荣天宇
300987,sz300987,川网传媒
300986,sz300986,志特新材
300985,sz300985,致远新能
300984,sz300984,金沃股份
300981,sz300981,中红医疗
300980,sz300980,祥源新材
300979,sz300979,华利集团
300978,sz300978,东箭科技
300976,sz300976,达瑞电子
300975,sz300975,商络电子
300973,sz300973,立高食品
300972,sz300972,万辰集团
300971,sz300971,博亚精工
300970,sz300970,华绿生物
300969,sz300969,恒帅股份
300967,sz300967,晓鸣股份
300965,sz300965,恒宇信通
300964,sz300964,本川智能
300963,sz300963,中洲特材
300962,sz300962,中金辐照
300961,sz300961,深水海纳
300959,sz300959,线上线下
300957,sz300957,贝泰妮
300956,sz300956,英力股份
300953,sz300953,震裕科技
300952,sz300952,恒辉安防
300951,sz300951,博硕科技
300950,sz300950,德固特
300946,sz300946,恒而达
300945,sz300945,曼卡龙
300943,sz300943,春晖智控
300941,sz300941,创识科技
300940,sz300940,南极光
300939,sz300939,秋田微
300938,sz300938,信测标准
300937,sz300937,药易购
300933,sz300933,中辰股份
300932,sz300932,三友联众
300930,sz300930,屹通新材
300929,sz300929,华骐环保
300927,sz300927,江天化学
300926,sz300926,博俊科技
300925,sz300925,法本信息
300923,sz300923,研奥股份
300922,sz300922,天秦装备
300921,sz300921,南凌科技
300920,sz300920,润阳科技
300919,sz300919,中伟股份
300918,sz300918,南山智尚
300917,sz300917,特发服务
300916,sz300916,朗特智能
300915,sz300915,海融科技
300913,sz300913,兆龙互连
300910,sz300910,瑞丰新材
300909,sz300909,汇创达
300908,sz300908,仲景食品
300907,sz300907,康平科技
300906,sz300906,日月明
300905,sz300905,宝丽迪
300902,sz300902,国安达
300900,sz300900,广联航空
300898,sz300898,熊猫乳品
300897,sz300897,山科智能
300896,sz300896,爱美客
300893,sz300893,松原安全
300892,sz300892,品渥食品
300891,sz300891,惠云钛业
300888,sz300888,稳健医疗
300886,sz300886,华业香料
300885,sz300885,海昌新材
300883,sz300883,龙利得
300882,sz300882,万胜智能
300881,sz300881,盛德鑫泰
300880,sz300880,迦南智能
300879,sz300879,大叶股份
300877,sz300877,金春股份
300873,sz300873,海晨股份
300872,sz300872,天阳科技
300871,sz300871,回盛生物
300870,sz300870,欧陆通
300869,sz300869,康泰医学
300867,sz300867,圣元环保
300866,sz300866,安克创新
300865,sz300865,大宏立
300864,sz300864,南大环境
300863,sz300863,卡倍亿
300861,sz300861,美畅股份
300858,sz300858,科拓生物
300857,sz300857,协创数据
300856,sz300856,科思股份
300855,sz300855,图南股份
300854,sz300854,中兰环保
300852,sz300852,四会富仕
300850,sz300850,新强联
300848,sz300848,美瑞新材
300847,sz300847,中船汉光
300843,sz300843,胜蓝股份
300842,sz300842,帝科股份
300841,sz300841,康华生物
300840,sz300840,酷特智能
300838,sz300838,浙江力诺
300837,sz300837,浙矿股份
300836,sz300836,佰奥智能
300835,sz300835,龙磁科技
300834,sz300834,星辉环材
300833,sz300833,浩洋股份
300832,sz300832,新产业
300831,sz300831,派瑞股份
300829,sz300829,金丹科技
300828,sz300828,锐新科技
300827,sz300827,上能电气
300825,sz300825,阿尔特
300824,sz300824,北鼎股份
300822,sz300822,贝仕达克
300821,sz300821,东岳硅材
300820,sz300820,英杰电气
300819,sz300819,聚杰微纤
300818,sz300818,耐普矿机
300817,sz300817,双飞集团
300816,sz300816,艾可蓝
300815,sz300815,玉禾田
300814,sz300814,中富电路
300813,sz300813,泰林生物
300812,sz300812,易天股份
300811,sz300811,铂科新材
300809,sz300809,华辰装备
300806,sz300806,斯迪克
300805,sz300805,电声股份
300804,sz300804,广康生化
300803,sz300803,指南针
300802,sz300802,矩子科技
300801,sz300801,泰和科技
300800,sz300800,力合科技
300797,sz300797,钢研纳克
300796,sz300796,贝斯美
300793,sz300793,佳禾智能
300792,sz300792,壹网壹创
300791,sz300791,仙乐健康
300790,sz300790,宇瞳光学
300789,sz300789,唐源电气
300788,sz300788,中信出版
300787,sz300787,海能实业
300784,sz300784,利安科技
300783,sz300783,三只松鼠
300781,sz300781,因赛集团
300777,sz300777,中简科技
300776,sz300776,帝尔激光
300775,sz300775,三角防务
300774,sz300774,倍杰特
300773,sz300773,拉卡拉
300772,sz300772,运达股份
300771,sz300771,智莱科技
300770,sz300770,新媒股份
300768,sz300768,迪普科技
300763,sz300763,锦浪科技
300761,sz300761,立华股份
300760,sz300760,迈瑞医疗
300759,sz300759,康龙化成
300758,sz300758,七彩化学
300755,sz300755,华致酒行
300752,sz300752,隆利科技
300751,sz300751,迈为股份
300750,sz300750,宁德时代
300749,sz300749,顶固集创
300748,sz300748,金力永磁
300747,sz300747,锐科激光
300743,sz300743,天地数码
300741,sz300741,华宝股份
300740,sz300740,水羊股份
300739,sz300739,明阳电路
300738,sz300738,奥飞数据
300737,sz300737,科顺股份
300735,sz300735,光弘科技
300733,sz300733,西菱动力
300731,sz300731,科创新源
300729,sz300729,乐歌股份
300727,sz300727,润禾材料
300726,sz300726,宏达电子
300725,sz300725,药石科技
300724,sz300724,捷佳伟创
300723,sz300723,一品红
300722,sz300722,新余国科
300720,sz300720,海川智能
300718,sz300718,长盛轴承
300717,sz300717,华信新材
300715,sz300715,凯伦股份
300712,sz300712,永福股份
300711,sz300711,广哈通信
300708,sz300708,聚灿光电
300705,sz300705,九典制药
300703,sz300703,创源股份
300702,sz300702,天宇股份
300701,sz300701,森霸传感
300699,sz300699,光威复材
300698,sz300698,万马科技
300697,sz300697,电工合金
300696,sz300696,爱乐达
300695,sz300695,兆丰股份
300694,sz300694,蠡湖股份
300693,sz300693,盛弘股份
300692,sz300692,中环环保
300690,sz300690,双一科技
300689,sz300689,澄天伟业
300687,sz300687,赛意信息
300685,sz300685,艾德生物
300684,sz300684,中石科技
300681,sz300681,英搏尔
300680,sz300680,隆盛科技
300679,sz300679,电连技术
300678,sz300678,中科信息
300677,sz300677,英科医疗
300674,sz300674,宇信科技
300673,sz300673,佩蒂股份
300672,sz300672,国科微
300666,sz300666,江丰电子
300664,sz300664,鹏鹞环保
300661,sz300661,圣邦股份
300660,sz300660,江苏雷利
300658,sz300658,延江股份
300657,sz300657,弘信电子
300656,sz300656,民德电子
300655,sz300655,晶瑞电材
300654,sz300654,世纪天鸿
300653,sz300653,正海生物
300652,sz300652,雷迪克
300650,sz300650,太龙股份
300644,sz300644,南京聚隆
300643,sz300643,万通智控
300641,sz300641,正丹股份
300640,sz300640,德艺文创
300638,sz300638,广和通
300637,sz300637,扬帆新材
300636,sz300636,同和药业
300634,sz300634,彩讯股份
300633,sz300633,开立医疗
300632,sz300632,光莆股份
300631,sz300631,久吾高科
300628,sz300628,亿联网络
300627,sz300627,华测导航
300626,sz300626,华瑞股份
300623,sz300623,捷捷微电
300622,sz300622,博士眼镜
300620,sz300620,光库科技
300618,sz300618,寒锐钴业
300617,sz300617,安靠智电
300611,sz300611,美力科技
300610,sz300610,晨化股份
300607,sz300607,拓斯达
300606,sz300606,金太阳
300604,sz300604,长川科技
300602,sz300602,飞荣达
300601,sz300601,康泰生物
300599,sz300599,雄塑科技
300596,sz300596,利安隆
300595,sz300595,欧普康视
300590,sz300590,移为通信
300587,sz300587,天铁科技
300586,sz300586,美联新材
300584,sz300584,海辰药业
300582,sz300582,英飞特
300580,sz300580,贝斯特
300578,sz300578,会畅通讯
300577,sz300577,开润股份
300576,sz300576,容大感光
300573,sz300573,兴齐眼药
300571,sz300571,平治信息
300570,sz300570,太辰光
300569,sz300569,天能重工
300568,sz300568,星源材质
300567,sz300567,精测电子
300566,sz300566,激智科技
300563,sz300563,神宇股份
300562,sz300562,乐心医疗
300560,sz300560,中富通
300558,sz300558,贝达药业
300557,sz300557,理工光科
300553,sz300553,集智股份
300549,sz300549,优德精密
300548,sz300548,博创科技
300547,sz300547,川环科技
300545,sz300545,联得装备
300543,sz300543,朗科智能
300541,sz300541,先进数通
300539,sz300539,横河精密
300538,sz300538,同益股份
300537,sz300537,广信材料
300535,sz300535,达威股份
300534,sz300534,陇神戎发
300533,sz300533,冰川网络
300532,sz300532,今天国际
300531,sz300531,优博讯
300529,sz300529,健帆生物
300528,sz300528,幸福蓝海
300522,sz300522,世名科技
300519,sz300519,新光药业
300515,sz300515,三德科技
300514,sz300514,友讯达
300512,sz300512,中亚股份
300511,sz300511,雪榕生物
300509,sz300509,新美星
300508,sz300508,维宏股份
300507,sz300507,苏奥传感
300505,sz300505,川金诺
300503,sz300503,昊志机电
300502,sz300502,新易盛
300501,sz300501,海顺新材
300499,sz300499,高澜股份
300498,sz300498,温氏股份
300497,sz300497,富祥药业
300496,sz300496,中科创达
300494,sz300494,盛天网络
300493,sz300493,润欣科技
300489,sz300489,光智科技
300488,sz300488,恒锋工具
300487,sz300487,蓝晓科技
300486,sz300486,东杰智能
300485,sz300485,赛升药业
300484,sz300484,蓝海华腾
300482,sz300482,万孚生物
300481,sz300481,濮阳惠成
300480,sz300480,光力科技
300476,sz300476,胜宏科技
300475,sz300475,香农芯创
300473,sz300473,德尔股份
300471,sz300471,厚普股份
300470,sz300470,中密控股
300468,sz300468,四方精创
300467,sz300467,迅游科技
300463,sz300463,迈克生物
300459,sz300459,汤姆猫
300458,sz300458,全志科技
300457,sz300457,赢合科技
300455,sz300455,航天智装
300453,sz300453,三鑫医疗
300452,sz300452,山河药辅
300450,sz300450,先导智能
300447,sz300447,全信股份
300446,sz300446,航天智造
300445,sz300445,康斯特
300444,sz300444,双杰电气
300443,sz300443,金雷股份
300442,sz300442,润泽科技
300441,sz300441,鲍斯股份
300439,sz300439,美康生物
300435,sz300435,中泰股份
300434,sz300434,金石亚药
300433,sz300433,蓝思科技
300432,sz300432,富临精工
300430,sz300430,诚益通
300428,sz300428,立中集团
300427,sz300427,红相股份
300424,sz300424,航新科技
300421,sz300421,力星股份
300420,sz300420,五洋自控
300416,sz300416,苏试试验
300415,sz300415,伊之密
300414,sz300414,中光防雷
300413,sz300413,芒果超媒
300411,sz300411,金盾股份
300410,sz300410,正业科技
300409,sz300409,道氏技术
300408,sz300408,三环集团
300407,sz300407,凯发电气
300406,sz300406,九强生物
300404,sz300404,博济医药
300403,sz300403,汉宇集团
300402,sz300402,宝色股份
300401,sz300401,花园生物
300400,sz300400,劲拓股份
300399,sz300399,天利科技
300398,sz300398,飞凯材料
300396,sz300396,迪瑞医疗
300395,sz300395,菲利华
300394,sz300394,天孚通信
300390,sz300390,天华新能
300389,sz300389,艾比森
300388,sz300388,节能国祯
300387,sz300387,富邦科技
300386,sz300386,飞天诚信
300384,sz300384,三联虹普
300383,sz300383,光环新网
300382,sz300382,斯莱克
300381,sz300381,溢多利
300375,sz300375,鹏翎股份
300373,sz300373,扬杰科技
300371,sz300371,汇中股份
300365,sz300365,恒华科技
300360,sz300360,炬华科技
300357,sz300357,我武生物
300354,sz300354,东华测试
300351,sz300351,永贵电器
300349,sz300349,金卡智能
300347,sz300347,泰格医药
300346,sz300346,南大光电
300342,sz300342,天银机电
300341,sz300341,麦克奥迪
300340,sz300340,科恒股份
300339,sz300339,润和软件
300337,sz300337,银邦股份
300334,sz300334,津膜科技
300332,sz300332,天壕能源
300331,sz300331,苏大维格
300327,sz300327,中颖电子
300322,sz300322,硕贝德
300321,sz300321,同大股份
300320,sz300320,海达股份
300319,sz300319,麦捷科技
300317,sz300317,珈伟新能
300316,sz300316,晶盛机电
300315,sz300315,掌趣科技
300314,sz300314,戴维医疗
300308,sz300308,中际旭创
300307,sz300307,慈星股份
300306,sz300306,远方信息
300304,sz300304,云意电气
300303,sz300303,聚飞光电
300299,sz300299,富春股份
300298,sz300298,三诺生物
300296,sz300296,利亚德
300294,sz300294,博雅生物
300292,sz300292,吴通控股
300288,sz300288,朗玛信息
300286,sz300286,安科瑞
300285,sz300285,国瓷材料
300281,sz300281,金明精机
300279,sz300279,和晶科技
300278,sz300278,华昌达
300276,sz300276,三丰智能
300275,sz300275,梅安森
300274,sz300274,阳光电源
300272,sz300272,开能健康
300267,sz300267,尔康制药
300265,sz300265,通光线缆
300264,sz300264,佳创视讯
300263,sz300263,隆华科技
300260,sz300260,新莱应材
300259,sz300259,新天科技
300258,sz300258,精锻科技
300257,sz300257,开山股份
300255,sz300255,常山药业
300254,sz300254,仟源医药
300253,sz300253,卫宁健康
300251,sz300251,光线传媒
300250,sz300250,初灵信息
300249,sz300249,依米康
300247,sz300247,融捷健康
300246,sz300246,宝莱特
300243,sz300243,瑞丰高材
300241,sz300241,瑞丰光电
300240,sz300240,飞力达
300239,sz300239,东宝生物
300238,sz300238,冠昊生物
300236,sz300236,上海新阳
300235,sz300235,方直科技
300234,sz300234,开尔新材
300233,sz300233,金城医药
300232,sz300232,洲明科技
300231,sz300231,银信科技
300230,sz300230,永利股份
300228,sz300228,富瑞特装
300227,sz300227,光韵达
300226,sz300226,上海钢联
300225,sz300225,金力泰
300224,sz300224,正海磁材
300223,sz300223,北京君正
300222,sz300222,科大智能
300221,sz300221,银禧科技
300220,sz300220,金运激光
300219,sz300219,鸿利智汇
300218,sz300218,安利股份
300217,sz300217,东方电热
300210,sz300210,森远股份
300209,sz300209,有棵树
300207,sz300207,欣旺达
300206,sz300206,理邦仪器
300201,sz300201,海伦哲
300200,sz300200,高盟新材
300199,sz300199,翰宇药业
300196,sz300196,长海股份
300195,sz300195,长荣股份
300194,sz300194,福安药业
300193,sz300193,佳士科技
300187,sz300187,永清环保
300185,sz300185,通裕重工
300184,sz300184,力源信息
300183,sz300183,东软载波
300182,sz300182,捷成股份
300181,sz300181,佐力药业
300180,sz300180,华峰超纤
300179,sz300179,四方达
300176,sz300176,鸿特科技
300174,sz300174,元力股份
300173,sz300173,福能东方
300172,sz300172,中电环保
300171,sz300171,东富龙
300170,sz300170,汉得信息
300162,sz300162,雷曼光电
300160,sz300160,秀强股份
300158,sz300158,振东制药
300157,sz300157,新锦动力
300154,sz300154,瑞凌股份
300153,sz300153,科泰电源
300151,sz300151,昌红科技
300150,sz300150,世纪瑞尔
300149,sz300149,睿智医药
300148,sz300148,天舟文化
300146,sz300146,汤臣倍健
300145,sz300145,南方泵业
300144,sz300144,宋城演艺
300143,sz300143,盈康生命
300140,sz300140,节能环境
300139,sz300139,晓程科技
300138,sz300138,晨光生物
300136,sz300136,信维通信
300135,sz300135,宝利国际
300133,sz300133,华策影视
300132,sz300132,青松股份
300131,sz300131,英唐智控
300130,sz300130,新国都
300129,sz300129,泰胜风能
300127,sz300127,银河磁体
300126,sz300126,锐奇股份
300124,sz300124,汇川技术
300121,sz300121,阳谷华泰
300120,sz300120,经纬辉开
300119,sz300119,瑞普生物
300115,sz300115,长盈精密
300113,sz300113,顺网科技
300111,sz300111,向日葵
300110,sz300110,华仁药业
300109,sz300109,新开源
300107,sz300107,建新股份
300105,sz300105,龙源技术
300102,sz300102,乾照光电
300101,sz300101,振芯科技
300100,sz300100,双林股份
300099,sz300099,尤洛卡
300095,sz300095,华伍股份
300094,sz300094,国联水产
300092,sz300092,科新机电
300088,sz300088,长信科技
300083,sz300083,创世纪
300079,sz300079,数码视讯
300075,sz300075,数字政通
300073,sz300073,当升科技
300070,sz300070,碧水源
300066,sz300066,三川智慧
300065,sz300065,海兰信
300063,sz300063,天龙集团
300061,sz300061,旗天科技
300059,sz300059,东方财富
300058,sz300058,蓝色光标
300055,sz300055,万邦达
300054,sz300054,鼎龙股份
300050,sz300050,世纪鼎利
300049,sz300049,福瑞股份
300048,sz300048,合康新能
300047,sz300047,天源迪科
300046,sz300046,台基股份
300041,sz300041,回天新材
300040,sz300040,九洲集团
300039,sz300039,上海凯宝
300037,sz300037,新宙邦
300035,sz300035,中科电气
300034,sz300034,钢研高纳
300033,sz300033,同花顺
300032,sz300032,金龙机电
300031,sz300031,宝通科技
300030,sz300030,阳普医疗
300027,sz300027,华谊兄弟
300026,sz300026,红日药业
300022,sz300022,吉峰科技
300021,sz300021,大禹节水
300019,sz300019,硅宝科技
300018,sz300018,中元股份
300017,sz300017,网宿科技
300016,sz300016,北陆药业
300015,sz300015,爱尔眼科
300014,sz300014,亿纬锂能
300013,sz300013,新宁物流
300012,sz300012,华测检测
300009,sz300009,安科生物
300008,sz300008,天海防务
300007,sz300007,汉威科技
300005,sz300005,探路者
300004,sz300004,南风股份
300003,sz300003,乐普医疗
300002,sz300002,神州泰岳
300001,sz300001,特锐德
003816,sz003816,中国广核
003043,sz003043,华亚智能
003042,sz003042,中农联合
003041,sz003041,真爱美家
003040,sz003040,楚天龙
003039,sz003039,顺控发展
003038,sz003038,鑫铂股份
003036,sz003036,泰坦股份
003035,sz003035,南网能源
003033,sz003033,征和工业
003031,sz003031,中瓷电子
003028,sz003028,振邦智能
003027,sz003027,同兴科技
003026,sz003026,中晶科技
003025,sz003025,思进智能
003023,sz003023,彩虹集团
003022,sz003022,联泓新科
003021,sz003021,兆威机电
003020,sz003020,立方制药
003019,sz003019,宸展光电
003018,sz003018,金富科技
003017,sz003017,大洋生物
003016,sz003016,欣贺股份
003015,sz003015,日久光电
003011,sz003011,海象新材
003010,sz003010,若羽臣
003008,sz003008,开普检测
003006,sz003006,百亚股份
003003,sz003003,天元股份
003002,sz003002,壶化股份
003001,sz003001,中岩大地
003000,sz003000,劲仔食品
002999,sz002999,天禾股份
002998,sz002998,优彩资源
002997,sz002997,瑞鹄模具
002996,sz002996,顺博合金
002993,sz002993,奥海科技
002991,sz002991,甘源食品
002990,sz002990,盛视科技
002988,sz002988,豪美新材
002987,sz002987,京北方
002986,sz002986,宇新股份
002985,sz002985,北摩高科
002984,sz002984,森麒麟
002983,sz002983,芯瑞达
002982,sz002982,湘佳股份
002981,sz002981,朝阳科技
002980,sz002980,华盛昌
002979,sz002979,雷赛智能
002978,sz002978,安宁股份
002977,sz002977,天箭科技
002976,sz002976,瑞玛精密
002973,sz002973,侨银股份
002972,sz002972,科安达
002971,sz002971,和远气体
002970,sz002970,锐明技术
002969,sz002969,嘉美包装
002968,sz002968,新大正
002965,sz002965,祥鑫科技
002962,sz002962,五方光电
002961,sz002961,瑞达期货
002959,sz002959,小熊电器
002957,sz002957,科瑞技术
002956,sz002956,西麦食品
002955,sz002955,鸿合科技
002953,sz002953,日丰股份
002952,sz002952,亚世光电
002950,sz002950,奥美医疗
002947,sz002947,恒铭达
002946,sz002946,新乳业
002945,sz002945,华林证券
002942,sz002942,新农股份
002940,sz002940,昂利康
002939,sz002939,长城证券
002938,sz002938,鹏鼎控股
002937,sz002937,兴瑞科技
002933,sz002933,新兴装备
002931,sz002931,锋龙股份
002930,sz002930,宏川智慧
002929,sz002929,润建股份
002928,sz002928,华夏航空
002927,sz002927,泰永长征
002926,sz002926,华西证券
002925,sz002925,盈趣科技
002923,sz002923,润都股份
002922,sz002922,伊戈尔
002920,sz002920,德赛西威
002919,sz002919,名臣健康
002917,sz002917,金奥博
002916,sz002916,深南电路
002915,sz002915,中欣氟材
002913,sz002913,奥士康
002911,sz002911,佛燃能源
002908,sz002908,德生科技
002907,sz002907,华森制药
002906,sz002906,华阳集团
002905,sz002905,金逸影视
002903,sz002903,宇环数控
002901,sz002901,大博医疗
002899,sz002899,英派斯
002897,sz002897,意华股份
002896,sz002896,中大力德
002895,sz002895,川恒股份
002892,sz002892,科力尔
002891,sz002891,中宠股份
002890,sz002890,弘宇股份
002889,sz002889,东方嘉盛
002888,sz002888,惠威科技
002887,sz002887,绿茵生态
002886,sz002886,沃特股份
002885,sz002885,京泉华
002884,sz002884,凌霄泵业
002882,sz002882,金龙羽
002881,sz002881,美格智能
002880,sz002880,卫光生物
002879,sz002879,长缆科技
002878,sz002878,元隆雅图
002877,sz002877,智能自控
002876,sz002876,三利谱
002873,sz002873,新天药业
002871,sz002871,伟隆股份
002870,sz002870,香山股份
002867,sz002867,周大生
002866,sz002866,传艺科技
002864,sz002864,盘龙药业
002863,sz002863,今飞凯达
002862,sz002862,实丰文化
002860,sz002860,星帅尔
002859,sz002859,洁美科技
002858,sz002858,力盛体育
002852,sz002852,道道全
002851,sz002851,麦格米特
002850,sz002850,科达利
002849,sz002849,威星智能
002847,sz002847,盐津铺子
002846,sz002846,英联股份
002843,sz002843,泰嘉股份
002842,sz002842,翔鹭钨业
002841,sz002841,视源股份
002840,sz002840,华统股份
002838,sz002838,道恩股份
002837,sz002837,英维克
002836,sz002836,新宏泽
002835,sz002835,同为股份
002833,sz002833,弘亚数控
002832,sz002832,比音勒芬
002831,sz002831,裕同科技
002827,sz002827,高争民爆
002826,sz002826,易明医药
002825,sz002825,纳尔股份
002824,sz002824,和胜股份
002823,sz002823,凯中精密
002821,sz002821,凯莱英
002820,sz002820,桂发祥
002817,sz002817,黄山胶囊
002815,sz002815,崇达技术
002812,sz002812,恩捷股份
002810,sz002810,山东赫达
002809,sz002809,红墙股份
002803,sz002803,吉宏股份
002802,sz002802,洪汇新材
002801,sz002801,微光股份
002800,sz002800,天顺股份
002797,sz002797,第一创业
002793,sz002793,罗欣药业
002792,sz002792,通宇通讯
002790,sz002790,瑞尔特
002788,sz002788,鹭燕医药
002787,sz002787,华源控股
002785,sz002785,万里石
002783,sz002783,凯龙股份
002782,sz002782,可立克
002780,sz002780,三夫户外
002779,sz002779,中坚科技
002778,sz002778,中晟高科
002777,sz002777,久远银海
002773,sz002773,康弘药业
002772,sz002772,众兴菌业
002769,sz002769,普路通
002768,sz002768,国恩股份
002767,sz002767,先锋电子
002766,sz002766,索菱股份
002765,sz002765,蓝黛科技
002763,sz002763,汇洁股份
002760,sz002760,凤形股份
002758,sz002758,浙农股份
002757,sz002757,南兴股份
002756,sz002756,永兴材料
002755,sz002755,奥赛康
002753,sz002753,永东股份
002752,sz002752,昇兴股份
002749,sz002749,国光股份
002748,sz002748,世龙实业
002747,sz002747,埃斯顿
002746,sz002746,仙坛股份
002745,sz002745,木林森
002741,sz002741,光华科技
002739,sz002739,万达电影
002738,sz002738,中矿资源
002737,sz002737,葵花药业
002736,sz002736,国信证券
002735,sz002735,王子新材
002734,sz002734,利民股份
002733,sz002733,雄韬股份
002732,sz002732,燕塘乳业
002731,sz002731,萃华珠宝
002730,sz002730,电光科技
002729,sz002729,好利科技
002728,sz002728,特一药业
002726,sz002726,龙大美食
002725,sz002725,跃岭股份
002724,sz002724,海洋王
002722,sz002722,物产金轮
002719,sz002719,麦趣尔
002718,sz002718,友邦吊顶
002716,sz002716,湖南白银
002715,sz002715,登云股份
002714,sz002714,牧原股份
002709,sz002709,天赐材料
002708,sz002708,光洋股份
002707,sz002707,众信旅游
002706,sz002706,良信股份
002705,sz002705,新宝股份
002703,sz002703,浙江世宝
002702,sz002702,海欣食品
002701,sz002701,奥瑞金
002700,sz002700,新疆浩源
002698,sz002698,博实股份
002696,sz002696,百洋股份
002695,sz002695,煌上煌
002694,sz002694,顾地科技
002692,sz002692,远程股份
002690,sz002690,美亚光电
002688,sz002688,金河生物
002687,sz002687,乔治白
002686,sz002686,亿利达
002685,sz002685,华东重机
002683,sz002683,广东宏大
002681,sz002681,奋达科技
002677,sz002677,浙江美大
002676,sz002676,顺威股份
002675,sz002675,东诚药业
002674,sz002674,兴业科技
002673,sz002673,西部证券
002670,sz002670,国盛金控
002669,sz002669,康达新材
002668,sz002668,TCL智家
002666,sz002666,德联集团
002664,sz002664,信质集团
002662,sz002662,峰璟股份
002661,sz002661,克明食品
002658,sz002658,雪迪龙
002655,sz002655,共达电声
002653,sz002653,海思科
002651,sz002651,利君股份
002649,sz002649,博彦科技
002648,sz002648,卫星化学
002646,sz002646,天佑德酒
002645,sz002645,华宏科技
002644,sz002644,佛慈制药
002643,sz002643,万润股份
002642,sz002642,荣联科技
002639,sz002639,雪人股份
002637,sz002637,赞宇科技
002636,sz002636,金安国纪
002635,sz002635,安洁科技
002633,sz002633,申科股份
002632,sz002632,道明光学
002627,sz002627,三峡旅游
002626,sz002626,金达威
002625,sz002625,光启技术
002624,sz002624,完美世界
002623,sz002623,亚玛顿
002617,sz002617,露笑科技
002616,sz002616,长青集团
002615,sz002615,哈尔斯
002614,sz002614,奥佳华
002613,sz002613,北玻股份
002612,sz002612,朗姿股份
002611,sz002611,东方精工
002609,sz002609,捷顺科技
002606,sz002606,大连电瓷
002605,sz002605,姚记科技
002603,sz002603,以岭药业
002601,sz002601,龙佰集团
002600,sz002600,领益智造
002598,sz002598,山东章鼓
002597,sz002597,金禾实业
002595,sz002595,豪迈科技
002594,sz002594,比亚迪
002591,sz002591,恒大高新
002590,sz002590,万安科技
002589,sz002589,瑞康医药
002588,sz002588,史丹利
002587,sz002587,奥拓电子
002584,sz002584,西陇科学
002583,sz002583,海能达
002582,sz002582,好想你
002580,sz002580,圣阳股份
002578,sz002578,闽发铝业
002577,sz002577,雷柏科技
002576,sz002576,通达动力
002573,sz002573,清新环境
002572,sz002572,索菲亚
002570,sz002570,贝因美
002568,sz002568,百润股份
002566,sz002566,益盛药业
002565,sz002565,顺灏股份
002564,sz002564,天沃科技
002563,sz002563,森马服饰
002562,sz002562,兄弟科技
002560,sz002560,通达股份
002559,sz002559,亚威股份
002558,sz002558,巨人网络
002557,sz002557,洽洽食品
002556,sz002556,辉隆股份
002555,sz002555,三七互娱
002553,sz002553,南方精工
002552,sz002552,宝鼎科技
002551,sz002551,尚荣医疗
002550,sz002550,千红制药
002549,sz002549,凯美特气
002546,sz002546,新联电子
002545,sz002545,东方铁塔
002543,sz002543,万和电气
002540,sz002540,亚太科技
002539,sz002539,云图控股
002538,sz002538,司尔特
002537,sz002537,海联金汇
002536,sz002536,飞龙股份
002535,sz002535,林州重机
002534,sz002534,西子洁能
002533,sz002533,金杯电工
002532,sz002532,天山铝业
002531,sz002531,天顺风能
002530,sz002530,金财互联
002526,sz002526,山东矿机
002524,sz002524,光正眼科
002523,sz002523,天桥起重
002522,sz002522,浙江众成
002521,sz002521,齐峰新材
002518,sz002518,科士达
002517,sz002517,恺英网络
002516,sz002516,旷达科技
002515,sz002515,金字火腿
002511,sz002511,中顺洁柔
002510,sz002510,天汽模
002508,sz002508,老板电器
002507,sz002507,涪陵榨菜
002500,sz002500,山西证券
002498,sz002498,汉缆股份
002497,sz002497,雅化集团
002495,sz002495,佳隆股份
002494,sz002494,华斯股份
002493,sz002493,荣盛石化
002492,sz002492,恒基达鑫
002491,sz002491,通鼎互联
002489,sz002489,浙江永强
002488,sz002488,金固股份
002487,sz002487,大金重工
002486,sz002486,嘉麟杰
002484,sz002484,江海股份
002483,sz002483,润邦股份
002481,sz002481,双塔食品
002478,sz002478,常宝股份
002476,sz002476,宝莫股份
002475,sz002475,立讯精密
002472,sz002472,双环传动
002470,sz002470,金正大
002469,sz002469,三维化学
002468,sz002468,申通快递
002467,sz002467,二六三
002466,sz002466,天齐锂业
002465,sz002465,海格通信
002463,sz002463,沪电股份
002462,sz002462,嘉事堂
002461,sz002461,珠江啤酒
002455,sz002455,百川股份
002454,sz002454,松芝股份
002452,sz002452,长高电新
002451,sz002451,摩恩电气
002449,sz002449,国星光电
002448,sz002448,中原内配
002446,sz002446,盛路通信
002445,sz002445,中南文化
002444,sz002444,巨星科技
002443,sz002443,金洲管道
002442,sz002442,龙星科技
002441,sz002441,众业达
002440,sz002440,闰土股份
002438,sz002438,江苏神通
002437,sz002437,誉衡药业
002434,sz002434,万里扬
002432,sz002432,九安医疗
002430,sz002430,杭氧股份
002429,sz002429,兆驰股份
002428,sz002428,云南锗业
002427,sz002427,尤夫股份
002423,sz002423,中粮资本
002422,sz002422,科伦药业
002420,sz002420,毅昌科技
002418,sz002418,康盛股份
002416,sz002416,爱施德
002415,sz002415,海康威视
002414,sz002414,高德红外
002412,sz002412,汉森制药
002410,sz002410,广联达
002409,sz002409,雅克科技
002408,sz002408,齐翔腾达
002407,sz002407,多氟多
002406,sz002406,远东传动
002404,sz002404,嘉欣丝绸
002403,sz002403,爱仕达
002402,sz002402,和而泰
002401,sz002401,中远海科
002400,sz002400,省广集团
002399,sz002399,海普瑞
002398,sz002398,垒知集团
002397,sz002397,梦洁股份
002396,sz002396,星网锐捷
002395,sz002395,双象股份
002394,sz002394,联发股份
002393,sz002393,力生制药
002392,sz002392,北京利尔
002391,sz002391,长青股份
002390,sz002390,信邦制药
002386,sz002386,天原股份
002385,sz002385,大北农
002384,sz002384,东山精密
002383,sz002383,合众思壮
002382,sz002382,蓝帆医疗
002381,sz002381,双箭股份
002380,sz002380,科远智慧
002378,sz002378,章源钨业
002377,sz002377,国创高新
002376,sz002376,新北洋
002373,sz002373,千方科技
002372,sz002372,伟星新材
002371,sz002371,北方华创
002368,sz002368,太极股份
002366,sz002366,融发核电
002364,sz002364,中恒电气
002363,sz002363,隆基机械
002361,sz002361,神剑股份
002360,sz002360,同德化工
002358,sz002358,森源电气
002357,sz002357,富临运业
002355,sz002355,兴民智通
002354,sz002354,天娱数科
002353,sz002353,杰瑞股份
002352,sz002352,顺丰控股
002351,sz002351,漫步者
002350,sz002350,北京科锐
002349,sz002349,精华制药
002346,sz002346,柘中股份
002345,sz002345,潮宏基
002342,sz002342,巨力索具
002340,sz002340,格林美
002338,sz002338,奥普光电
002337,sz002337,赛象科技
002335,sz002335,科华数据
002334,sz002334,英威腾
002333,sz002333,罗普斯金
002332,sz002332,仙琚制药
002330,sz002330,得利斯
002329,sz002329,皇氏集团
002328,sz002328,新朋股份
002327,sz002327,富安娜
002326,sz002326,永太科技
002324,sz002324,普利特
002322,sz002322,理工能科
002320,sz002320,海峡股份
002318,sz002318,久立特材
002317,sz002317,众生药业
002315,sz002315,焦点科技
002312,sz002312,川发龙蟒
002311,sz002311,海大集团
002304,sz002304,洋河股份
002303,sz002303,美盈森
002301,sz002301,齐心集团
002300,sz002300,太阳电缆
002299,sz002299,圣农发展
002298,sz002298,中电鑫龙
002297,sz002297,博云新材
002296,sz002296,辉煌科技
002295,sz002295,精艺股份
002294,sz002294,信立泰
002293,sz002293,罗莱生活
002292,sz002292,奥飞娱乐
002290,sz002290,禾盛新材
002287,sz002287,奇正藏药
002286,sz002286,保龄宝
002284,sz002284,亚太股份
002283,sz002283,天润工业
002282,sz002282,博深股份
002281,sz002281,光迅科技
002278,sz002278,神开股份
002276,sz002276,万马股份
002275,sz002275,桂林三金
002274,sz002274,华昌化工
002273,sz002273,水晶光电
002271,sz002271,东方雨虹
002270,sz002270,华明装备
002269,sz002269,美邦服饰
002267,sz002267,陕天然气
002266,sz002266,浙富控股
002265,sz002265,建设工业
002264,sz002264,新 华 都
002263,sz002263,大东南
002262,sz002262,恩华药业
002261,sz002261,拓维信息
002259,sz002259,升达林业
002258,sz002258,利尔化学
002256,sz002256,兆新股份
002255,sz002255,海陆重工
002254,sz002254,泰和新材
002252,sz002252,上海莱士
002250,sz002250,联化科技
002249,sz002249,大洋电机
002248,sz002248,华东数控
002247,sz002247,聚力文化
002246,sz002246,北化股份
002245,sz002245,蔚蓝锂芯
002242,sz002242,九阳股份
002241,sz002241,歌尔股份
002239,sz002239,奥特佳
002237,sz002237,恒邦股份
002236,sz002236,大华股份
002235,sz002235,安妮股份
002229,sz002229,鸿博股份
002228,sz002228,合兴包装
002226,sz002226,江南化工
002225,sz002225,濮耐股份
002224,sz002224,三 力 士
002223,sz002223,鱼跃医疗
002222,sz002222,福晶科技
002221,sz002221,东华能源
002219,sz002219,新里程
002216,sz002216,三全食品
002215,sz002215,诺 普 信
002209,sz002209,达 意 隆
002206,sz002206,海 利 得
002204,sz002204,大连重工
002203,sz002203,海亮股份
002202,sz002202,金风科技
002201,sz002201,九鼎新材
002198,sz002198,嘉应制药
002195,sz002195,岩山科技
002194,sz002194,武汉凡谷
002192,sz002192,融捷股份
002191,sz002191,劲嘉股份
002190,sz002190,成飞集成
002188,sz002188,中天服务
002186,sz002186,全 聚 德
002183,sz002183,怡 亚 通
002182,sz002182,宝武镁业
002181,sz002181,粤 传 媒
002180,sz002180,纳思达
002179,sz002179,中航光电
002175,sz002175,东方智造
002174,sz002174,游族网络
002172,sz002172,澳洋健康
002171,sz002171,楚江新材
002170,sz002170,芭田股份
002167,sz002167,东方锆业
002166,sz002166,莱茵生物
002165,sz002165,红 宝 丽
002164,sz002164,宁波东力
002160,sz002160,常铝股份
002159,sz002159,三特索道
002158,sz002158,汉钟精机
002157,sz002157,正邦科技
002156,sz002156,通富微电
002155,sz002155,湖南黄金
002154,sz002154,报 喜 鸟
002153,sz002153,石基信息
002152,sz002152,广电运通
002150,sz002150,通润装备
002149,sz002149,西部材料
002145,sz002145,中核钛白
002144,sz002144,宏达高科
002140,sz002140,东华科技
002139,sz002139,拓邦股份
002138,sz002138,顺络电子
002137,sz002137,实益达
002132,sz002132,恒星科技
002131,sz002131,利欧股份
002130,sz002130,沃尔核材
002128,sz002128,电投能源
002126,sz002126,银轮股份
002125,sz002125,湘潭电化
002124,sz002124,天邦食品
002123,sz002123,梦网科技
002122,sz002122,汇洲智能
002121,sz002121,科陆电子
002120,sz002120,韵达股份
002119,sz002119,康强电子
002117,sz002117,东港股份
002116,sz002116,中国海诚
002115,sz002115,三维通信
002112,sz002112,三变科技
002111,sz002111,威海广泰
002110,sz002110,三钢闽光
002108,sz002108,沧州明珠
002107,sz002107,沃华医药
002106,sz002106,莱宝高科
002104,sz002104,恒宝股份
002103,sz002103,广博股份
002102,sz002102,能特科技
002101,sz002101,广东鸿图
002100,sz002100,天康生物
002099,sz002099,海翔药业
002098,sz002098,浔兴股份
002097,sz002097,山河智能
002096,sz002096,易普力
002095,sz002095,生 意 宝
002094,sz002094,青岛金王
002091,sz002091,江苏国泰
002090,sz002090,金智科技
002088,sz002088,鲁阳节能
002085,sz002085,万丰奥威
002083,sz002083,孚日股份
002082,sz002082,万邦德
002080,sz002080,中材科技
002079,sz002079,苏州固锝
002078,sz002078,太阳纸业
002077,sz002077,大港股份
002075,sz002075,沙钢股份
002074,sz002074,国轩高科
002073,sz002073,软控股份
002066,sz002066,瑞泰科技
002065,sz002065,东华软件
002064,sz002064,华峰化学
002063,sz002063,远光软件
002057,sz002057,中钢天源
002056,sz002056,横店东磁
002055,sz002055,得润电子
002054,sz002054,德美化工
002053,sz002053,云南能投
002051,sz002051,中工国际
002050,sz002050,三花智控
002049,sz002049,紫光国微
002048,sz002048,宁波华翔
002046,sz002046,国机精工
002045,sz002045,国光电器
002043,sz002043,兔 宝 宝
002042,sz002042,华孚时尚
002041,sz002041,登海种业
002040,sz002040,南 京 港
002039,sz002039,黔源电力
002038,sz002038,双鹭药业
002035,sz002035,华帝股份
002034,sz002034,旺能环境
002033,sz002033,丽江股份
002032,sz002032,苏 泊 尔
002030,sz002030,达安基因
002029,sz002029,七 匹 狼
002028,sz002028,思源电气
002027,sz002027,分众传媒
002026,sz002026,山东威达
002025,sz002025,航天电器
002023,sz002023,海特高新
002021,sz002021,中捷资源
002020,sz002020,京新药业
002019,sz002019,亿帆医药
002017,sz002017,东信和平
002015,sz002015,协鑫能科
002014,sz002014,永新股份
002012,sz002012,凯恩股份
002011,sz002011,盾安环境
002010,sz002010,传化智联
002009,sz002009,天奇股份
002008,sz002008,大族激光
002007,sz002007,华兰生物
002006,sz002006,精工科技
002004,sz002004,华邦健康
002003,sz002003,伟星股份
002001,sz002001,新 和 成
001965,sz001965,招商公路
001914,sz001914,招商积余
001872,sz001872,招商港口
001696,sz001696,宗申动力
001400,sz001400,江顺科技
001395,sz001395,亚联机械
001391,sz001391,国货航
001390,sz001390,古麒绒材
001389,sz001389,广合科技
001387,sz001387,雪祺电气
001382,sz001382,新亚电缆
001380,sz001380,华纬科技
001379,sz001379,腾达科技
001378,sz001378,德冠新材
001368,sz001368,通达创智
001367,sz001367,海森药业
001360,sz001360,南矿集团
001359,sz001359,平安电工
001358,sz001358,兴欣新材
001356,sz001356,富岭股份
001339,sz001339,智微智能
001338,sz001338,永顺泰
001337,sz001337,四川黄金
001335,sz001335,信凯科技
001333,sz001333,光华股份
001332,sz001332,锡装股份
001331,sz001331,胜通能源
001328,sz001328,登康口腔
001326,sz001326,联域股份
001324,sz001324,长青科技
001323,sz001323,慕思股份
001319,sz001319,铭科精技
001318,sz001318,阳光乳业
001316,sz001316,润贝航科
001311,sz001311,多利科技
001308,sz001308,康冠科技
001306,sz001306,夏厦精密
001301,sz001301,尚太科技
001300,sz001300,三柏硕
001299,sz001299,美能能源
001298,sz001298,好上好
001296,sz001296,长江材料
001289,sz001289,龙源电力
001288,sz001288,运机集团
001287,sz001287,中电港
001283,sz001283,豪鹏科技
001282,sz001282,三联锻造
001279,sz001279,强邦新材
001277,sz001277,速达股份
001268,sz001268,联合精密
001267,sz001267,汇绿生态
001266,sz001266,宏英智能
001260,sz001260,坤泰股份
001259,sz001259,利仁科技
001256,sz001256,炜冈科技
001255,sz001255,博菲电气
001239,sz001239,永达股份
001238,sz001238,浙江正特
001236,sz001236,弘业期货
001234,sz001234,泰慕士
001231,sz001231,农心科技
001230,sz001230,劲旅环境
001229,sz001229,魅视科技
001228,sz001228,永泰运
001226,sz001226,拓山重工
001225,sz001225,和泰机电
001223,sz001223,欧克科技
001222,sz001222,源飞宠物
001219,sz001219,青岛食品
001218,sz001218,丽臣实业
001217,sz001217,华尔泰
001216,sz001216,华瓷股份
001215,sz001215,千味央厨
001213,sz001213,中铁特货
001211,sz001211,双枪科技
001209,sz001209,洪兴股份
001208,sz001208,华菱线缆
001207,sz001207,联科科技
001206,sz001206,依依股份
001205,sz001205,盛航股份
001203,sz001203,大中矿业
001202,sz001202,炬申股份
000999,sz000999,华润三九
000997,sz000997,新 大 陆
000995,sz000995,皇台酒业
000993,sz000993,闽东电力
000989,sz000989,九芝堂
000988,sz000988,华工科技
000987,sz000987,越秀资本
000985,sz000985,大庆华科
000981,sz000981,山子高科
000977,sz000977,浪潮信息
000975,sz000975,山金国际
000973,sz000973,佛塑科技
000970,sz000970,中科三环
000969,sz000969,安泰科技
000967,sz000967,盈峰环境
000963,sz000963,华东医药
000962,sz000962,东方钽业
000960,sz000960,锡业股份
000959,sz000959,首钢股份
000958,sz000958,电投产融
000957,sz000957,中通客车
000953,sz000953,河化股份
000951,sz000951,中国重汽
000950,sz000950,重药控股
000949,sz000949,新乡化纤
000938,sz000938,紫光股份
000936,sz000936,华西股份
000933,sz000933,神火股份
000932,sz000932,华菱钢铁
000931,sz000931,中 关 村
000930,sz000930,中粮科技
000928,sz000928,中钢国际
000927,sz000927,中国铁物
000923,sz000923,河钢资源
000922,sz000922,佳电股份
000921,sz000921,海信家电
000920,sz000920,沃顿科技
000919,sz000919,金陵药业
000917,sz000917,电广传媒
000915,sz000915,华特达因
000913,sz000913,钱江摩托
000912,sz000912,泸天化
000911,sz000911,广农糖业
000906,sz000906,浙商中拓
000905,sz000905,厦门港务
000902,sz000902,新洋丰
000900,sz000900,现代投资
000895,sz000895,双汇发展
000893,sz000893,亚钾国际
000888,sz000888,峨眉山Ａ
000887,sz000887,中鼎股份
000885,sz000885,城发环境
000883,sz000883,湖北能源
000878,sz000878,云南铜业
000876,sz000876,新 希 望
000869,sz000869,张 裕Ａ
000868,sz000868,安凯客车
000862,sz000862,银星能源
000860,sz000860,顺鑫农业
000858,sz000858,五 粮 液
000852,sz000852,石化机械
000848,sz000848,承德露露
000839,sz000839,中信国安
000837,sz000837,秦川机床
000833,sz000833,粤桂股份
000831,sz000831,中国稀土
000828,sz000828,东莞控股
000825,sz000825,太钢不锈
000823,sz000823,超声电子
000821,sz000821,京山轻机
000819,sz000819,岳阳兴长
000818,sz000818,航锦科技
000815,sz000815,美利云
000812,sz000812,陕西金叶
000811,sz000811,冰轮环境
000807,sz000807,云铝股份
000803,sz000803,山高环能
000801,sz000801,四川九洲
000799,sz000799,酒鬼酒
000795,sz000795,英洛华
000792,sz000792,盐湖股份
000791,sz000791,甘肃能源
000788,sz000788,北大医药
000786,sz000786,北新建材
000783,sz000783,长江证券
000782,sz000782,恒申新材
000778,sz000778,新兴铸管
000777,sz000777,中核科技
000776,sz000776,广发证券
000768,sz000768,中航西飞
000766,sz000766,通化金马
000758,sz000758,中色股份
000757,sz000757,浩物股份
000756,sz000756,新华制药
000755,sz000755,山西高速
000753,sz000753,漳州发展
000751,sz000751,锌业股份
000750,sz000750,国海证券
000739,sz000739,普洛药业
000738,sz000738,航发控制
000737,sz000737,北方铜业
000735,sz000735,罗 牛 山
000733,sz000733,振华科技
000729,sz000729,燕京啤酒
000728,sz000728,国元证券
000726,sz000726,鲁 泰Ａ
000725,sz000725,京东方Ａ
000722,sz000722,湖南发展
000720,sz000720,新能泰山
000719,sz000719,中原传媒
000716,sz000716,黑芝麻
000709,sz000709,河钢股份
000708,sz000708,中信特钢
000705,sz000705,浙江震元
000703,sz000703,恒逸石化
000701,sz000701,厦门信达
000700,sz000700,模塑科技
000688,sz000688,国城矿业
000686,sz000686,东北证券
000685,sz000685,中山公用
000683,sz000683,博源化工
000682,sz000682,东方电子
000681,sz000681,视觉中国
000680,sz000680,山推股份
000677,sz000677,恒天海龙
000676,sz000676,智度股份
000661,sz000661,长春高新
000657,sz000657,中钨高新
000655,sz000655,金岭矿业
000651,sz000651,格力电器
000650,sz000650,仁和药业
000636,sz000636,风华高科
000633,sz000633,合金投资
000631,sz000631,顺发恒业
000630,sz000630,铜陵有色
000626,sz000626,远大控股
000625,sz000625,长安汽车
000623,sz000623,吉林敖东
000617,sz000617,中油资本
000612,sz000612,焦作万方
000605,sz000605,渤海股份
000603,sz000603,盛达资源
000601,sz000601,韶能股份
000598,sz000598,兴蓉环境
000597,sz000597,东北制药
000596,sz000596,古井贡酒
000593,sz000593,德龙汇能
000592,sz000592,平潭发展
000591,sz000591,太阳能
000589,sz000589,贵州轮胎
000586,sz000586,汇源通信
000582,sz000582,北部湾港
000581,sz000581,威孚高科
000576,sz000576,甘化科工
000568,sz000568,泸州老窖
000567,sz000567,海德股份
000565,sz000565,渝三峡Ａ
000563,sz000563,陕国投Ａ
000559,sz000559,万向钱潮
000558,sz000558,天府文旅
000557,sz000557,西部创业
000553,sz000553,安道麦A
000551,sz000551,创元科技
000550,sz000550,江铃汽车
000548,sz000548,湖南投资
000546,sz000546,金圆股份
000544,sz000544,中原环保
000541,sz000541,佛山照明
000538,sz000538,云南白药
000537,sz000537,中绿电
000534,sz000534,万泽股份
000533,sz000533,顺钠股份
000532,sz000532,华金资本
000530,sz000530,冰山冷热
000529,sz000529,广弘控股
000528,sz000528,柳 工
000524,sz000524,岭南控股
000523,sz000523,红棉股份
000521,sz000521,长虹美菱
000513,sz000513,丽珠集团
000509,sz000509,华塑控股
000507,sz000507,珠海港
000505,sz000505,京粮控股
000429,sz000429,粤高速Ａ
000426,sz000426,兴业银锡
000425,sz000425,徐工机械
000423,sz000423,东阿阿胶
000422,sz000422,湖北宜化
000421,sz000421,南京公用
000420,sz000420,吉林化纤
000419,sz000419,通程控股
000415,sz000415,渤海租赁
000411,sz000411,英特集团
000409,sz000409,云鼎科技
000408,sz000408,藏格矿业
000407,sz000407,胜利股份
000404,sz000404,长虹华意
000403,sz000403,派林生物
000400,sz000400,许继电气
000338,sz000338,潍柴动力
000333,sz000333,美的集团
000301,sz000301,东方盛虹
000166,sz000166,申万宏源
000157,sz000157,中联重科
000156,sz000156,华数传媒
000155,sz000155,川能动力
000153,sz000153,丰原药业
000100,sz000100,TCL科技
000099,sz000099,中信海直
000089,sz000089,深圳机场
000088,sz000088,盐 田 港
000078,sz000078,海王生物
000065,sz000065,北方国际
000063,sz000063,中兴通讯
000062,sz000062,深圳华强
000060,sz000060,中金岭南
000055,sz000055,方大集团
000050,sz000050,深天马Ａ
000049,sz000049,德赛电池
000045,sz000045,深纺织Ａ
000039,sz000039,中集集团
000035,sz000035,中国天楹
000034,sz000034,神州数码
000030,sz000030,富奥股份
000028,sz000028,国药一致
000026,sz000026,飞亚达
000025,sz000025,特 力Ａ
000021,sz000021,深科技
000020,sz000020,深华发Ａ
000019,sz000019,深粮控股
000017,sz000017,深中华A
000016,sz000016,深康佳Ａ
000012,sz000012,南 玻Ａ
000011,sz000011,深物业A
000009,sz000009,中国宝安
000001,sz000001,平安银行
